url,label,pred,confidence,reason
https://file-share-from-lindsey-folder-view.firebaseapp.com/,1,1,1.0,ml
https://www.mistakey.com,0,1,1.0,ml
https://inpost-pl.nidon.lol/sell/339bee190a2d,1,1,0.995,ml
https://www.sofatutor.com,0,1,1.0,ml
https://bellsouth-email-verification-admin-upgrades-site.yolasite.com/,1,1,1.0,ml
https://www.partagence.org,0,1,1.0,ml
https://rcfowler2.wixsite.com/my-site,1,1,0.995,ml
http://shein.gifts,1,1,0.995,ml
https://www.leedsfestival.com,0,1,1.0,ml
https://www.hellomonaco.com,0,1,1.0,ml
https://www.forschungen-engi.ch,0,1,0.995,ml
http://www.barotechf.ga,1,1,0.995,ml
https://www.evergreenparklibrary.org,0,1,1.0,ml
https://www.pteverywhere.com,0,1,1.0,ml
http://www.db1.samuelblog.site,1,1,0.995,ml
https://www.crypto-news-flash.com,0,1,0.995,ml
https://www.slamdunk.ru,0,1,0.995,ml
https://www.amv.es,0,1,1.0,ml
https://useysend.boxmode.io/,1,1,1.0,ml
https://www.xenith.com,0,1,1.0,ml
https://www.swissid.ch,0,1,0.995,ml
https://www.mrc-bsu.cam.ac.uk,0,1,0.995,ml
https://anwar69-79.000webhostapp.com/applogin.html,1,1,1.0,ml
https://www.emergingmarketsforum.org,0,1,1.0,ml
https://www.hss.de,0,1,1.0,ml
https://www.forevermissed.com,0,1,1.0,ml
http://www.bluecow.com,1,1,1.0,ml
https://www.antutu.com,0,1,0.9992,ml
https://www.shopnuzzie.com,0,1,1.0,ml
http://www.55677.com,1,1,1.0,ml
https://www.musicofyourlife.com,0,1,1.0,ml
http://tinyurl.com/verificapagamento,1,1,0.995,ml
https://www.ccit.edu.cn,0,1,0.995,ml
https://energeticunimportantcareware--galinet.repl.co/,1,1,0.995,ml
https://www.kbpedia.org,0,1,1.0,ml
https://yahoo-101495.weeblysite.com/,1,1,1.0,ml
https://www.philippinemasonry.org,0,1,1.0,ml
https://www.timbercraft.com,0,1,1.0,ml
https://www.apraxia-kids.org,0,1,1.0,ml
https://www.keisei.co.jp,0,1,0.995,ml
http://www.nuclearpolicy101.org,1,1,0.995,ml
https://46h-0gv3i95rhg-f9ewojf-3rhbgf-webgf-294fgw.obs.ap-southeast-3.myhuaweicloud.com/35h4-0gv-94hg-2fi9n-28g4bf-q9fjod-w9egf-08wg5hf-80e.html?awsaccesskeyid=mivcqwwdrwywpjrr88bi&amp;expires=1680635817&amp;signature=f1gv5pbo5uxa7rxzj4%2bmbtny4jg%3d#hws_security@huawei.com,1,1,1.0,ml
https://www.gallipoli-association.org,0,1,0.995,ml
https://reverfyboyint.github.io/milan,1,1,0.995,ml
https://johnrich.ml/hype/verifica/anomalia,1,1,0.995,ml
https://maildinshaakckjnw208.web.app/,1,1,1.0,ml
https://www.netgsm.com.tr,0,1,0.995,ml
https://www.myco.dica.gov.mm,0,1,0.995,ml
https://www.clearcenter.com,0,1,1.0,ml
https://boudaiwinnaxel.firebaseapp.com/,1,1,1.0,ml
https://www.upstox.com/open-demat-account/,0,1,0.995,ml
https://login-cgd.com/,1,1,1.0,ml
https://rewhg-mtt3.firebaseapp.com/,1,1,1.0,ml
https://document.storages-clouds.workers.dev/,1,1,0.995,ml
https://www.telediario.mx,0,1,0.995,ml
https://www.leeds-city-guide.com,0,1,0.995,ml
https://www.onlinesazkovekancelare.cz,0,1,0.995,ml
https://www.lovellabridal.com,0,1,1.0,ml
https://www.racp.edu.au,0,1,0.995,ml
https://www.ladyalthaea.com,0,1,1.0,ml
https://www.smokingpipes.com,0,1,1.0,ml
https://www.zagrebacka-zupanija.hr,0,1,0.995,ml
https://www.korrupt.biz,0,1,0.995,ml
http://www.myrefund-ato.myseoplus.com,1,1,0.995,ml
https://green-pine-7fe7.do020.workers.dev/,1,1,1.0,ml
https://hd31-md1.web.app/,1,1,1.0,ml
http://www.paynae.cf,1,1,0.995,ml
https://www.harvestrecords.com,0,1,1.0,ml
https://www.hipkitclub.net,0,1,1.0,ml
https://www.bpma.co.uk,0,1,0.995,ml
https://053232222.xyz/vmjddusx/third/7,1,1,1.0,ml
http://www.kovaceko.ga,1,1,0.995,ml
http://staging.airtable.com/login,1,1,0.995,ml
https://serviceuxl.pro/service/,1,1,0.995,ml
https://www.barnesstore.net,0,1,1.0,ml
https://www.disneyanimation.com,0,1,1.0,ml
https://www.gopetition.com,0,1,1.0,ml
http://www.pbhack.ru,1,1,0.995,ml
http://gebimnilegin.godaddysites.com/,1,1,1.0,ml
http://www.universalonline.com,1,1,1.0,ml
https://www.lirs.org,0,1,0.995,ml
https://www.flandersjuwelen.be,0,1,0.995,ml
http://www.slrj.softsolutionbox.net,1,1,0.995,ml
http://bulltransporte.com.ar/express.axp/amex/lgn.php,1,1,0.995,ml
https://www.foyer-vietnam.org,0,1,1.0,ml
https://www.norwichresearchpark.com,0,1,1.0,ml
https://www.dingir.cz,0,1,0.995,ml
https://www.dutchdesignawards.nl,0,1,0.995,ml
https://didieier.godaddysites.com/,1,1,1.0,ml
https://www.nettn.com,0,1,0.995,ml
http://www.smtps.blocktrail.com,1,1,0.995,ml
https://www.axisbank.com/retail/accounts/savings-account,0,0,0.01,whitelist
https://www.happicrafts.com,0,1,1.0,ml
http://www.avrworks.com,1,1,1.0,ml
http://www.petare.fr,1,1,0.995,ml
https://www.openmuc.org,0,1,1.0,ml
https://www.rileychs.com,0,1,1.0,ml
https://www.mrcmekong.org,0,1,1.0,ml
https://www.hak5.org,0,1,1.0,ml
https://www.wsd2017.com,0,1,1.0,ml
http://www.androappy.com,1,1,1.0,ml
https://grin-6cbd8.firebaseapp.com/,1,1,1.0,ml
https://www.soundpure.com,0,1,1.0,ml
https://www.quantumworkplace.com,0,1,1.0,ml
https://www.bazaarliving.com,0,1,1.0,ml
http://www.xolegal.com,1,1,1.0,ml
https://www.motivescosmetics.com,0,1,1.0,ml
https://loading-connection-in-action.web.app/,1,1,0.995,ml
https://www.hauntedhappeningssalem.com,0,1,0.995,ml
https://bafkreifver5zuztljmlyg4mpmhlprvxpnf3wd6src35cd6cmjnjqxzkm54.ipfs.dweb.link/,1,1,1.0,ml
https://www.capital.bg,0,1,0.995,ml
https://sofe-firma.firebaseapp.com/,1,1,1.0,ml
https://www.sinn-und-form.de,0,1,0.995,ml
https://www.math.columbia.edu,0,1,0.995,ml
https://www.dsprelated.com,0,1,1.0,ml
https://www.erincoveycreative.com,0,1,1.0,ml
https://www.waterford.com,0,1,1.0,ml
https://www.tussam.es,0,1,0.995,ml
http://www.fatura-sorgu.com,1,1,1.0,ml
https://www.tidbitsofexperience.com,0,1,1.0,ml
https://www.fliegofd.de,0,1,0.995,ml
https://www.aimglobal.org,0,1,1.0,ml
https://www.eight55.com,0,1,0.995,ml
https://www.scgrandlodgeafm.org,0,1,1.0,ml
https://sqno-d3gm-h.web.app/,1,1,1.0,ml
https://www.freewallet.io,0,1,0.995,ml
https://www.scribendi.com,0,1,1.0,ml
http://mail.jila.se///vex7/hinet.html,1,1,0.995,ml
https://www.the-blackcountry.com,0,1,0.995,ml
https://www.dreamtree.com,0,1,1.0,ml
https://www.epiteszforum.hu,0,1,0.995,ml
https://www.northernpen.ca,0,1,0.995,ml
https://metafb-4p2hl40.web.app/,1,1,1.0,ml
https://www.dudley-stephens.com,0,1,0.9989,ml
https://www.katzdzynes.com,0,1,1.0,ml
https://www.jjei.com,0,1,1.0,ml
http://www.qoe.xbvmv.com,1,1,0.995,ml
http://www.theloveiskindnetwork.com,1,1,1.0,ml
http://filinlove.com/,1,1,1.0,ml
https://www.phylsflowers.com,0,1,1.0,ml
http://www.lnc7vvhztmjdfm221sdp76xnze5atz.burpcollaborator.net,1,1,1.0,ml
https://gateway.pinata.cloud/ipfs/bafybeibhdgxctmq6bjhkqmauoxozatxlk647gdjd5fsxkdjo63gfylxlgq/link.html,1,1,1.0,ml
https://www.theway.org.uk,0,1,0.995,ml
https://www.acityexplored.com,0,1,1.0,ml
https://www.elprogreso.es,0,1,0.995,ml
http://www.congphim.org,1,1,1.0,ml
http://ec2-13-211-148-228.ap-southeast-2.compute.amazonaws.com/wp-admin/content/content.php,1,1,0.995,ml
https://www.rchomeinspection.com,0,1,1.0,ml
https://www.xxxww.mobi,0,1,0.995,ml
https://www.linwoodcustomjewelers.com,0,1,1.0,ml
https://bafybeiciuhpjz74df42i73p7vfxaqrqc3bjnmlqw7mghzceb5bk3wp6s34.ipfs.dweb.link/,1,1,1.0,ml
https://awaystogo.com/953632464006668680729201354982165706322349&amp;3458467714269042221755950633342227517766782673254&amp;email.html,1,1,1.0,ml
http://www.x-daily.com,1,1,1.0,ml
https://www.threadcheck.com,0,1,1.0,ml
https://www.shenzhenware.com,0,1,1.0,ml
https://www.farmington.lib.me.us,0,1,0.995,ml
https://www.ispwp.com,0,1,1.0,ml
https://clarktopperacing.com/inbuilt/,1,1,0.995,ml
http://pancakeswap.ltd,1,1,1.0,ml
https://www.wecarecoat.com,0,1,1.0,ml
https://www.igel.de,0,1,0.995,ml
https://www.newburycomics.com,0,1,1.0,ml
https://www.bracebridgedinners.com,0,1,1.0,ml
https://www.destinaterre.net,0,1,1.0,ml
http://www.sekigae.fun.w3ja.com,1,1,0.995,ml
http://www.globus-fitness.ru/bad/china,1,1,0.995,ml
https://www.afmuseum.com,0,1,1.0,ml
https://www.cliniquevetodax.com,0,1,1.0,ml
https://www.psychoanalytischeperspectieven.be,0,1,0.995,ml
https://www.antique-jewelry-investor.com,0,1,0.995,ml
https://www.fromyouflowers.com,0,1,1.0,ml
https://www.scottishaustralianheritagecouncil.com.au,0,1,0.995,ml
https://www.filagroup.it,0,1,0.995,ml
https://www.americymru.net,0,1,1.0,ml
https://www.ifuturz.com,0,1,1.0,ml
https://www.materialy-do-skoly.cz,0,1,0.995,ml
https://www.gbike.io,0,1,0.995,ml
https://www.caringhandshealthcares.com,0,1,1.0,ml
http://www.lh-logins.com,1,1,0.995,ml
http://www.lovingallupdates.life,1,1,0.995,ml
https://www.adcouncil.org,0,1,1.0,ml
https://www.moruzzi.com,0,1,1.0,ml
https://www.cricwindow.com,0,1,1.0,ml
http://638ca12d-ba2f-451c-8418-faf56b7de7ff.htmlcomponentservice.com/get_draft?id=638ca1_14694f4a84161543466426a12288de1a.html,1,1,1.0,ml
https://www.pendulum.com,0,1,1.0,ml
https://sistemaverificacionprolongado.systemtecnicver.repl.co/,1,1,0.995,ml
http://www.login.dangquanwatch.com,1,1,0.995,ml
https://nine3five.com/,1,1,1.0,ml
https://www.winstepforward.org,0,1,1.0,ml
https://www.catchthebest.com,0,1,1.0,ml
http://www.transunaxous.com,1,1,1.0,ml
https://www.24x7liveindia.com,0,1,0.995,ml
http://http.hallwrightpoles.co.uk/cgi_bin/arch/arch/arch/archive,1,1,0.995,ml
https://www.philburdett.com,0,1,1.0,ml
http://www.waxqx.com,1,1,1.0,ml
https://www.observatoriodaimprensa.com.br,0,1,0.995,ml
https://www.lundbergs-mobler.se,0,1,0.995,ml
https://mail-at-t-inbox.webflow.io/,1,1,0.995,ml
https://www.tlu.edu,0,1,1.0,ml
http://www.alanqaa-contracting.com,1,1,0.995,ml
https://www.evpl.org,0,1,1.0,ml
https://www.sonoshah.com,0,1,1.0,ml
https://www.twocircles.net,0,1,1.0,ml
http://site9610130.92.webydo.com/page5.html,1,1,1.0,ml
https://miseenjourservicedigit2023.firebaseapp.com/,1,1,1.0,ml
https://www.networkrailmediacentre.co.uk,0,1,0.995,ml
https://ac04-track-view-mail-ups.web.app/,1,1,1.0,ml
https://www.thereporterethiopia.com,0,1,1.0,ml
https://www.theablelabel.com,0,1,1.0,ml
https://www.hhheadz.com,0,1,1.0,ml
https://www.cpsp.org,0,1,1.0,ml
https://www.leighsociety.com,0,1,1.0,ml
https://www.hashilthsa.com,0,1,1.0,ml
https://www.abbeytheatre.ie,0,1,0.995,ml
https://www.eviltester.com,0,1,1.0,ml
https://www.williams-sonoma.com,0,1,1.0,ml
https://dasdsad.dfsfdfdsfsd.repl.co/des/index.php,1,1,0.995,ml
https://wordpress-913877-3172019.cloudwaysapps.com/psll/4635a93c1c04e6f/login.php,1,1,1.0,ml
https://pzabenltniu04.z21.web.core.windows.net/,1,1,1.0,ml
https://www.localsearch.ch,0,1,0.995,ml
http://www.s.progammerli.com,1,1,0.995,ml
https://www.opensourceecology.org,0,1,1.0,ml
https://www.marcovigo.com,0,1,1.0,ml
https://servicocreudi.com/,1,1,1.0,ml
https://www.zenge.kz,0,1,1.0,ml
http://benac.co.zm/core/xfinity-new-rd1035-user-em(ph)-thank/index.html,1,1,0.995,ml
http://www.dike-odimgbe.com,1,1,1.0,ml
http://www.amazcaom-co-jp.amazzeocn.77271.top,1,1,0.995,ml
https://www.whidbeynewstimes.com,0,1,1.0,ml
https://www.malaysia.travel,0,1,0.995,ml
https://docs.google.com/presentation/d/e/2pacx-1vsobekf9oba8tvnocaevrsxjgbiitj0sd4cwbdemqc3r-zo59vbytvo0db8rotsny4vs7wdsqeittof/pub?start=false&loop=false&delayms=3000,1,0,0.01,whitelist
https://www.identixweb.com,0,1,1.0,ml
http://8.129.211.188:10003/mitid.php,1,1,1.0,ml
https://www.signswithanattitude.com,0,1,1.0,ml
https://www.narragansettbeer.com,0,1,1.0,ml
http://www.pasarwood.com,1,1,1.0,ml
http://www.asr-shaparak.ml,1,1,0.995,ml
https://www.umamiinfo.com,0,1,1.0,ml
https://www.concordtheatricals.co.uk,0,1,0.995,ml
https://www.zippyframes.com,0,1,1.0,ml
http://www.onedayiwillloveyouforever.blogspot.com,1,1,0.995,ml
https://rinnovo-dominio.abletotravel.it/managehosting/,1,1,0.995,ml
http://www.internationalbazaarsale.com,1,1,1.0,ml
https://aol-mail-106111.weeblysite.com/,1,1,1.0,ml
https://www.china-flag-makers.com,0,1,0.995,ml
https://wwwsnbc.tidujns.com/jp.php,1,1,0.995,ml
https://www.aleks.com,0,1,1.0,ml
http://mail.portale-utente-info.162-0-216-30.cprapid.com/checkclient.php?&amp;sessionid=9d30164cdeb61a4caaff2d044a3fd599,1,1,1.0,ml
https://www.ch-ginga.jp,0,1,0.995,ml
https://www.isid.co.jp,0,1,0.995,ml
https://www.mhresources.org,0,1,1.0,ml
http://support.braves.cloud,1,1,0.995,ml
https://www.splitsimple.com,0,1,1.0,ml
https://www.chitramala.in,0,1,0.995,ml
https://www.nikkansports.com,0,1,1.0,ml
https://www.fredericknewspost.com,0,1,1.0,ml
https://www.melissaannsweat.com,0,1,0.995,ml
https://ovfisqizfyl01.z20.web.core.windows.net/,1,1,1.0,ml
https://project1b-fc492.web.app/,1,1,1.0,ml
https://www.powersportz.tv,0,1,0.995,ml
http://www.amazcecm-co-jp.amacaeon.chalaopo.top/,1,1,1.0,ml
https://www.postbellum.cz,0,1,0.995,ml
https://www.xraymusic.co.uk,0,1,0.995,ml
https://www.sensorsinc.com,0,1,1.0,ml
https://www.nirb.ca,0,1,1.0,ml
https://e8xds1kk.dreamwp.com/skat/,1,1,1.0,ml
https://www.danburysmiles.com,0,1,1.0,ml
https://www.pacificatlanticadr.com,0,1,1.0,ml
http://www.qrtb.nowurl.fun,1,1,0.995,ml
http://www.yedirenkajans.com,1,1,1.0,ml
https://www.donswaim.com,0,1,1.0,ml
https://www.flowersacrosssydney.com.au,0,1,0.995,ml
https://www.edmagnin.com,0,1,1.0,ml
http://www.customstatis.com,1,1,1.0,ml
https://s3.amazonaws.com/appforest_uf/f1679935164742x894422764430747000/emcompass.html,1,1,1.0,ml
https://sbi-login.000webhostapp.com/,1,1,0.9969,ml
http://www.ukalasahnede.gq,1,1,0.995,ml
https://www.itfs.de,0,1,1.0,ml
https://www.sdp-si.com,0,1,1.0,ml
https://www.fares-foundation.org,0,1,1.0,ml
https://www.rxpgnews.com,0,1,1.0,ml
https://www.arton56th.com,0,1,0.995,ml
https://www.ejcancer.com,0,1,1.0,ml
http://www.adrilan-sana.ml,1,1,0.995,ml
https://www.mauritiusconscious.com,0,1,1.0,ml
http://andrewanddarrens.com.au/,1,1,0.995,ml
https://www.hightail.com,0,1,1.0,ml
https://www.kawaiikakkoiisugoi.com,0,1,1.0,ml
https://dev-multibcr.pantheonsite.io/,1,1,0.995,ml
https://www.gottabesports.com,0,1,1.0,ml
https://mn8xt8.webwave.dev/,1,1,1.0,ml
http://www.emprepyme.com.ar,1,1,0.995,ml
https://www.kennykey.com,0,1,1.0,ml
https://one-drive-371107.uk.r.appspot.com/,1,1,1.0,ml
https://www.rajar.co.uk,0,1,0.995,ml
https://www.tcdc.or.th,0,1,0.995,ml
http://www.tagkarma.com,1,1,0.995,ml
https://vesrsionpluspropre.firebaseapp.com/,1,1,1.0,ml
https://www.c25kfree.com,0,1,0.995,ml
https://www.911law.com,0,1,1.0,ml
https://www.incap.co.in,0,1,0.995,ml
http://www.creemo.pl,1,1,0.995,ml
https://fewsufficientparallelcompiler.juan-pablopa788.repl.co/,1,1,1.0,ml
https://www.vfairs.com,0,1,0.995,ml
https://www.pilatesencyclopedia.com,0,1,1.0,ml
https://metahelpcenter-appeal-1239041.firebaseapp.com/,1,1,1.0,ml
https://www.ymcafoxcities.org,0,1,1.0,ml
http://bokep-10grub72451.shinigammi.social/vhsfhqpdhdsih6/,1,1,1.0,ml
https://www.philipkdickaward.org,0,1,1.0,ml
http://www.social.cannca.shop,1,1,0.995,ml
https://www.booktherapy.io,0,1,0.995,ml
https://www.northernlogsupply.com,0,1,1.0,ml
https://www.andersoncrepaldi.com.br,0,1,0.995,ml
https://www.bellaria.ro,0,1,0.995,ml
https://locateme.co.nz/wp-content/jam/ichiemagiksouthwest123.html,1,1,0.995,ml
https://www.ncet.org,0,1,1.0,ml
http://www.chist.com,1,1,1.0,ml
https://www.bluepoppy.com,0,1,1.0,ml
https://www.liverpoollep.org,0,1,1.0,ml
https://www.msk-media.com,0,1,1.0,ml
http://www.chasingredford.com,1,1,1.0,ml
https://www.newprofit.org,0,1,1.0,ml
https://www.synchtank.com,0,1,1.0,ml
https://www.messianic-literary.com,0,1,0.995,ml
https://maildinshaakckjnw520.firebaseapp.com/,1,1,1.0,ml
https://www.5starcar.com,0,1,0.995,ml
https://www.mobilemind.com.br,0,1,0.995,ml
https://www.charlescomm.com,0,1,1.0,ml
https://www.paulkelly.com.au,0,1,0.995,ml
https://www.ecfmg.org,0,1,1.0,ml
https://www.theoplayer.com,0,1,1.0,ml
https://www.daveswordsofwisdom.com,0,1,1.0,ml
https://bit.ly/linkbper24,1,1,0.995,ml
https://marshallcristabell.wixsite.com/my-site-2,1,1,0.995,ml
https://www.dla.mil,0,1,1.0,ml
https://www.wanderlustandlife.com,0,1,1.0,ml
https://www.vumingo.com,0,1,1.0,ml
https://www.ccoo.cat,0,1,1.0,ml
https://www.amor-und-kartoffelsack.de,0,1,0.995,ml
http://www.mail7.wyeetacs.com.au,1,1,0.995,ml
https://www.infonline.de,0,1,0.995,ml
https://www.solinst.com,0,1,1.0,ml
http://www.snowiby.ml,1,1,0.995,ml
https://pan-aadhaar-link.xyz/last-date,1,1,0.995,ml
https://www.poz.com,0,1,1.0,ml
https://file34567-697c2.web.app/#a@b.cc,1,1,1.0,ml
https://www.entomoljournal.com,0,1,1.0,ml
https://www.neuralit.com,0,1,0.995,ml
https://www.tainan.gov.tw,0,1,0.995,ml
http://cctop.cl,1,1,0.9999,ml
https://www.reichsbanner-geschichte.de,0,1,0.995,ml
https://www.brickowl.com,0,1,1.0,ml
https://www.tps.ucsb.edu,0,1,0.995,ml
http://ch99865.tw1.ru/credit-agricole,1,1,0.995,ml
https://www.kristoferbrozio.com,0,1,1.0,ml
http://www.infomarketx.com,1,1,1.0,ml
https://consulta-gratisonline.com/luiza/home.php?userid=13&uri=r2kupi0acpvfunemxtbxrodg6cchqo5/k2k3ydhi3zw=,1,1,1.0,ml
https://www.isy-kita.de,0,1,0.995,ml
https://www.hikaritakano.co,0,1,0.995,ml
https://www.smithoptics.com,0,1,1.0,ml
https://www.ajiunit.com,0,1,1.0,ml
http://www.com-view.space,1,1,0.995,ml
https://www.mlineritsch.com,0,1,1.0,ml
https://www.muzeum-as.cz,0,1,0.995,ml
https://www.biospace.com,0,1,1.0,ml
https://incluvip.tensplens.com/inicio/,1,1,0.995,ml
https://krkknknlggnn.godaddysites.com/,1,1,1.0,ml
https://www.deepcovekayak.com,0,1,1.0,ml
http://www.housesfurniture.com,1,1,1.0,ml
https://www.wolveswithin.com,0,1,1.0,ml
https://www.ashaddflorist.com,0,1,1.0,ml
http://www.gta6fuzhu.com,1,1,0.995,ml
https://www.markalexander.com,0,1,1.0,ml
https://www.kva.se,0,1,1.0,ml
https://maildinshaakckjnw136.firebaseapp.com/,1,1,1.0,ml
https://fm-a064f.firebaseapp.com/,1,1,1.0,ml
https://www.kasiinoonline.ee,0,1,0.995,ml
https://www.diannearentsen.nl,0,1,0.995,ml
https://www.app.ciaoz2u.com,0,1,0.995,ml
https://www.christcenteredgamer.com,0,1,1.0,ml
https://resize.yandex.net/mailservice?url=https://ci4.googleuser=%20conte%20nt.com/proxy/qrclxpwgysi1rf2vddyxuf1xk3fdjdd--avtzkbfsw-51gwhfk2qjkj2=%20qpw%203yxkyvveihj_m4yd1wfepj1jyj-fr9ltz3pgqwlzo9hgjtntqw3tmxaujonfw0iyt-a=s0-=%20d-e%201-ft&proxy=yes&key=c7d1173f601f75093c848d58166fbed4,1,1,1.0,ml
https://www.tcoflyfishing.com,0,1,1.0,ml
http://www.yousearchthebestnow.info,1,1,0.995,ml
https://www.europa-nu.nl,0,1,0.995,ml
https://www.cityofmarkham.net,0,1,1.0,ml
https://pocztaplska55.askymroopi.cf/?tranzakt38496&selectedbank=2,1,1,1.0,ml
https://www.kansashauntedhouses.com,0,1,1.0,ml
https://www.graphene.manchester.ac.uk,0,1,0.995,ml
http://www.moaprints.com,1,1,1.0,ml
https://www.casalmonastero.org,0,1,1.0,ml
https://www.decozilla.com,0,1,1.0,ml
https://www.reggioregister.com,0,1,1.0,ml
https://www.billiardsdigest.com,0,1,1.0,ml
http://www.211225.top,1,1,1.0,ml
https://www.talisa.com,0,1,1.0,ml
https://www.beansbeansbeans.com,0,1,1.0,ml
https://my-business-108331-105767.square.site/,1,1,1.0,ml
https://www.threadandmaple.com,0,1,1.0,ml
https://khqyuakjqkyi.firebaseapp.com/,1,1,1.0,ml
https://www.oliviasummers.com,0,1,1.0,ml
https://www.folklib.net,0,1,1.0,ml
https://maildinshaakckjnw291.web.app/,1,1,1.0,ml
https://www.freelancermap.com,0,1,1.0,ml
https://rfde-107a7.firebaseapp.com/,1,1,1.0,ml
http://www.nvfu.urlfb.co,1,1,0.995,ml
https://www.operanorth.co.uk,0,1,0.995,ml
http://www.vpnyjscloud.site,1,1,1.0,ml
https://www.bedtimefan.com,0,1,1.0,ml
http://www.myumlive.cf,1,1,0.995,ml
https://www.insidekung-fu.com,0,1,1.0,ml
http://houdopme.com/offers/yahoo.html,1,1,0.995,ml
https://www.fidofriendly.com,0,1,1.0,ml
http://www.methisz.cf,1,1,0.995,ml
https://www.dairhub.com,0,1,1.0,ml
https://www.festivalfinder.eu,0,1,0.995,ml
https://www.infosud.org,0,1,1.0,ml
https://dev-latamairllines.pantheonsite.io/,1,1,0.995,ml
https://wwwinfoview.sangfengyun.com/,1,1,0.995,ml
https://aol-101047.weeblysite.com/,1,1,1.0,ml
https://www.earthyard.com.au,0,1,0.995,ml
https://s1kbh-x0yl-o.web.app/,1,1,1.0,ml
https://www.the-coveted.com,0,1,1.0,ml
https://www.treasuretrovejewelry.com,0,1,1.0,ml
https://www.zappowpow.com/,1,1,1.0,ml
https://www.fraciledefrance.com,0,1,1.0,ml
https://www.metronews.com.pt,0,1,0.995,ml
https://www.shakers.org,0,1,1.0,ml
https://www.therosemind.com,0,1,1.0,ml
https://www.66expresslanes.org,0,1,0.995,ml
https://www.spsnational.org,0,1,1.0,ml
http://www.vip3659a.com,1,1,1.0,ml
https://www.unitedbiscuits.com,0,1,1.0,ml
https://stackoverflow.com/questions/11227809/,0,1,1.0,ml
http://www.royaltyrealtynsb.com,1,1,1.0,ml
https://www.navy.lk,0,1,1.0,ml
https://www.srjan.com,0,1,1.0,ml
http://www.liifff.fburl.fun,1,1,0.995,ml
http://www.jesusferguson.us,1,1,0.995,ml
http://dev-gtcontinentalsecurel.pantheonsite.io/,1,1,0.995,ml
https://www.armdaily.am,0,1,0.995,ml
https://www.balancingpieces.com,0,1,1.0,ml
https://www.en.eghtesadonline.com,0,1,0.995,ml
https://www.ctfa.com.tw,0,1,0.995,ml
http://www.dncvietnam.com,1,1,1.0,ml
https://metafb-27zrain.web.app/,1,1,1.0,ml
http://522450877525508-dot-charming-sky-2700.sepa-00980-force-drop.oa.r.appspot.com/?fbclid=iwar1dkspuxs5rkhpbua9f1oupwtwqwepk25c4mmg9s3p0i8rze1yvfio7wro,1,1,1.0,ml
https://www.vancouver.wsu.edu,0,1,0.995,ml
https://www.dutchwindwheel.com,0,1,1.0,ml
http://www.stuff-4-sale.us,1,1,0.995,ml
https://www.nic.edu,0,1,0.995,ml
https://www.cowichanvalleycitizen.com,0,1,1.0,ml
https://bisabonewverify.bisverinew.repl.co/,1,1,0.995,ml
https://www.yasinrayan.com,0,1,1.0,ml
https://www.artofmarkbryan.com,0,1,1.0,ml
http://sbi.co.in.verify-now.xyz/netbanking/session?id=abc123&redirect=true,1,1,0.995,ml
https://hdfc-verify.netlify.app/,1,1,0.995,ml
http://www.boyerr.cf,1,1,0.995,ml
https://www.stenaline.se,0,1,0.995,ml
https://lorziferza.pages.net.br/?gclid=eaiaiqobchmi4apc-t7q_qivcyerch1g7wereamyaiaaegkaafd_bwe,1,1,0.995,ml
https://www.alhudacibe.com,0,1,1.0,ml
https://centralium.tn/post/bibaztgkmv4231,1,1,0.995,ml
http://www.transozirassion-macrogalepalike.com,1,1,0.995,ml
https://www.mjssm.me,0,1,0.995,ml
https://www.artistaday.com,0,1,1.0,ml
https://maildinshaakckjnw443.firebaseapp.com/,1,1,1.0,ml
http://www.tsxwbywjwdm.myfw.us,1,1,0.995,ml
https://www.lottery.co.uk,0,1,0.995,ml
https://www.worldtimezone.com,0,1,1.0,ml
http://www.ggtraff.ru,1,1,0.995,ml
https://www.vintageisthenewold.com,0,1,1.0,ml
https://bafybeiclem52qkvexb4orfft3rdgn4jilepn4c7o4frvfguoxoinzpcnom.ipfs.dweb.link/,1,1,1.0,ml
https://att-100984.square.site/,1,1,1.0,ml
https://www.gymfed.be,0,1,0.995,ml
https://www.chebarcul.ru,0,1,0.995,ml
https://www.the-magazine.org,0,1,0.995,ml
https://www.medstar911.org,0,1,0.995,ml
https://www.treetopeco-adventurepark.com,0,1,0.995,ml
https://www.blueskyphotography.co.uk,0,1,0.995,ml
https://www.electricblanketinstitute.com,0,1,1.0,ml
https://www.patchwork-huset.dk,0,1,0.995,ml
https://www.reddev.ch,0,1,0.995,ml
https://kcole608.wixsite.com/my-site,1,1,1.0,ml
http://thewashington-post.facilidadgozoygloria.com,1,1,0.995,ml
https://www.maymorning.co.uk,0,1,0.995,ml
http://www.mynetav.net,1,1,1.0,ml
https://www.philadelphiafed.org,0,1,1.0,ml
http://www.vinhsake.com,1,1,1.0,ml
https://www.cassproject.org,0,1,1.0,ml
http://www.wochenmo.com,1,1,1.0,ml
https://www.tokyoanime.jp,0,1,0.995,ml
http://www.xn--enyakn-t9a.com,1,1,0.995,ml
http://www.djmixer2018.com,1,1,0.995,ml
http://www.alamdarinternational.com,1,1,1.0,ml
https://www.support-search.iforget-iphone.com/6frl2/,1,1,0.995,ml
https://www.rock947.com,0,1,0.995,ml
https://www.wakingthered.com,0,1,1.0,ml
https://www.quickbase.com,0,1,1.0,ml
https://www.cocoonphotography.co.uk,0,1,0.995,ml
https://www.seratonline.com,0,1,1.0,ml
https://www.id-nee.nl,0,1,1.0,ml
https://www.inovablood.org,0,1,1.0,ml
https://www.nerdunion.us,0,1,0.995,ml
http://zmindustrial.com.mx/comsx/,1,1,0.995,ml
https://www.explorehockinghills.com,0,1,1.0,ml
https://www.truehollywoodtalk.com,0,1,1.0,ml
http://starzmarketings.com/wp-includes/royal%20credit%20union/index.html,1,1,1.0,ml
https://www.stuffedwithplushtoys.com,0,1,1.0,ml
http://www.3gf.ybngb.com,1,1,0.995,ml
https://www.hardlyart.com,0,1,1.0,ml
https://www.getbeamer.com,0,1,1.0,ml
https://gfgfg455454bgv.godaddysites.com/,1,1,1.0,ml
https://business-confirm-appeal.web.app/,1,1,0.995,ml
https://www.isf.org.il,0,1,0.9959,ml
http://www.kyiejenner.com,1,1,1.0,ml
https://macimixrt.firebaseapp.com/,1,1,1.0,ml
https://myparcel-7da57.firebaseapp.com/,1,1,1.0,ml
http://stephenforstaterep.com/,1,1,1.0,ml
https://www.dchiang.com,0,1,1.0,ml
https://www.silverbullion.com.sg,0,1,0.995,ml
http://www.alpatrik.com,1,1,1.0,ml
https://www.ficensa.com,0,1,1.0,ml
https://www.wirelesswaffle.com,0,1,1.0,ml
https://www.capella.edu,0,1,1.0,ml
https://www.enerjoy.life,0,1,1.0,ml
https://sites.google.com/view/casdatrocliente/in%c3%adcio,1,0,0.01,whitelist
https://www.codeofchina.com,0,1,1.0,ml
https://www.spanishoponline.com,0,1,1.0,ml
https://www.elfaonline.org,0,1,1.0,ml
https://www.freepress.net,0,1,1.0,ml
https://ipfs.litnet.work/ipfs/bafybeig5bh4eqnlw5j6dec5icalr4toipbqlpwbetqatlpat6nvjxmatwa/ref.html,1,1,1.0,ml
https://www.sunnysafaris.com,0,1,1.0,ml
https://www.clawhammersupply.com,0,1,1.0,ml
https://www.cparl.org,0,1,0.995,ml
https://vn091-ab992.web.app/,1,1,1.0,ml
https://consulta-gratisonline.com/luiza/home.php?userid=13&uri=nz3/j2/zgqtq+cpngkks4+tpvcy6qrxkx/w164ttgxy=,1,1,1.0,ml
https://www.mindwerks.net,0,1,1.0,ml
http://cv19345.tw1.ru/nickel/,1,1,0.995,ml
https://www.webtoolmaster.com,0,1,1.0,ml
http://www.1su.net,1,1,0.995,ml
https://nrtisulyexhbbdrgfjj06.z5.web.core.windows.net/,1,1,1.0,ml
https://be6u-mkp074.firebaseapp.com/,1,1,1.0,ml
http://www.rep-shaparak-ir.cf,1,1,0.995,ml
https://www.climatecolab.org,0,1,1.0,ml
https://www.dartfordcc.co.uk,0,1,0.995,ml
https://www.footy.com.au,0,1,0.995,ml
https://www.fourthworlddesign.com,0,1,1.0,ml
https://www.page.org.au,0,1,0.995,ml
https://fladestateins.com/08131e57-e230-465b-bb5e-840b8af30ec4,1,1,0.995,ml
https://www.stealyourheartexotics.com,0,1,1.0,ml
http://www.smtp.applesoftupdate.com,1,1,0.995,ml
https://www.thecreativeseason.com,0,1,1.0,ml
https://www.wascana.ca,0,1,0.995,ml
https://www.tableauxdumonde.com,0,1,1.0,ml
https://www.artofslapbass.com,0,1,1.0,ml
https://rcubeeee11111x1.web.app/,1,1,1.0,ml
http://tmsbqrgbqs.duckdns.org,1,1,0.995,ml
https://www.presidentoffice.gov.dm,0,1,0.995,ml
https://ev6gwa.webwave.dev/,1,1,1.0,ml
https://www.brillio.com,0,1,1.0,ml
http://blacksky.websitestage.net,1,1,0.995,ml
https://www.le-mont-saint-michel.org,0,1,0.995,ml
https://ipfs.best-practice.se/ipfs/bafybeig52bssadmmakzsrzm7rcd35bmb6gygf424di5lmo4ayowyq67y64/link.html,1,1,1.0,ml
https://www.planeteugene.com,0,1,1.0,ml
https://www.lifechangeroftheyear.com,0,1,1.0,ml
https://6651cea6-4cc3-4640-ae5e-02214a5bb57d.id.repl.co,1,1,1.0,ml
http://www.66jjyy.com,1,1,0.995,ml
https://www.tomintoulwhisky.com,0,1,1.0,ml
https://www.successfulmeetings.com,0,1,1.0,ml
http://www.spottherare.com/vendor/spotify/dashboard/8826b553793e7f095b54dd6b71ca4577/,1,1,1.0,ml
https://www.antro.uu.se,0,1,0.995,ml
https://login-cliente-rapido2023.com/luiza/home.php?userid=&uri=yc4kgyxpyiiys6i9h2e5vzj2n/mgjfs1d73alcee5ug=,1,1,1.0,ml
https://www.skylinechurch.org,0,1,1.0,ml
https://review-appeal-form-10028951298.firebaseapp.com/,1,1,1.0,ml
https://in.mt/subper,1,1,0.995,ml
https://frbarmenorlding.firebaseapp.com/,1,1,1.0,ml
https://www.wrenandrita.com,0,1,1.0,ml
https://www.myheimat.de,0,1,0.995,ml
https://kg56rf-bur5g7.firebaseapp.com/,1,1,1.0,ml
https://www.selfgrowth.com,0,1,1.0,ml
https://dev-verificacion-itau7.pantheonsite.io/,1,1,1.0,ml
https://www.theinformationdaily.com,0,1,1.0,ml
https://www.verilab.com,0,1,1.0,ml
https://www.texas-joes.com,0,1,1.0,ml
https://convention-securitaire-paribas.web.app/,1,1,0.995,ml
https://www.hlavnydennik.sk,0,1,0.995,ml
http://www.goldstespresso.com,1,1,1.0,ml
https://www.tiemart.com,0,1,0.995,ml
https://www.comiket.co.jp,0,1,0.995,ml
https://www.adhrrf.org,0,1,1.0,ml
https://www.sophiemorrell.com,0,1,1.0,ml
https://www.kbbdaily.com,0,1,1.0,ml
http://www.v2cde1b0d66c767a23cfb34c14552836d3.ws,1,1,1.0,ml
https://track-10083.web.app/,1,1,1.0,ml
http://www.32a8-2a07-23c0-0-3000-00-625d.ngrok.io,1,1,0.9987,ml
https://bafybeifeautsgfwo3ajaqh2arzd653mxrknoawag37rcyjucmqdbohvi4m.ipfs.dweb.link/tg.shtml,1,1,1.0,ml
https://www.appimage.org,0,1,0.995,ml
https://sbi-kyc.web.app/verify,1,1,0.995,ml
https://ing-mein.nervous-edison.170-187-224-61.plesk.page/main/login1/delogin/107.178.232.226,1,1,1.0,ml
https://www.bibelntalar.se,0,1,0.995,ml
http://www.pamelathomas2020.com,1,1,0.995,ml
https://windingtriflingcomputationallinguistics.778785454.repl.co/,1,1,1.0,ml
https://www.ipcc-nggip.iges.or.jp,0,1,0.995,ml
https://www.livno-online.com,0,1,1.0,ml
https://ipfs.io/ipfs/qmtq3jyg1cuqqpb6ojankych5ays4ugwkreg3vl1ohrdxw#user@example.org,1,1,1.0,ml
http://www.votre-infos.com,1,1,1.0,ml
https://www.the-crazy-cat.com,0,1,0.995,ml
https://acmecomp.com.au/wp-content/cgi/bofa/bofa/bofa/validation/login.php?cmd=login_submit&id=2406491743b99519f1da0b96c2071ce32406491743b99519f1da0b96c2071ce3&session=2406491743b99519f1da0b96c2071ce32406491743b99519f1da0b96c2071ce3,1,1,1.0,ml
https://www.mediavine.com,0,1,1.0,ml
https://ount.thejewtangclan.com/jp.php,1,1,0.995,ml
https://www.cannesguide.com,0,1,1.0,ml
https://www.oilandgas360.com,0,1,0.995,ml
https://intothekingdom.com/boa23/support/loginweb.php?sslmode=true&access_token=lzvxsmwywie3peu3u7p79dgqy1wvnh3fkp4j8lj1alzypwpttuqdkybwvqip6mtcwrsoufej09fpqnbn,1,1,1.0,ml
https://sajifjkyv8n.web.app/,1,1,0.995,ml
https://www.fullerton.edu,0,1,1.0,ml
https://www.awholenewlight.com,0,1,1.0,ml
https://www.prabhas.com,0,1,1.0,ml
https://www.qcif.edu.au,0,1,0.995,ml
https://www.foodtravelexperts.com,0,1,1.0,ml
https://www.dracutlibrary.org,0,1,1.0,ml
https://www.snim.com,0,1,1.0,ml
https://cutt.ly/bperwebaccedi,1,1,0.9839,ml
http://bienbonvoyage.com,1,1,1.0,ml
https://www.meat.org,0,1,1.0,ml
https://steacormunity.ru/profiles/76561199080967743,1,1,0.9998,ml
http://www.finans-iadetakip.ml,1,1,0.995,ml
https://www.rfebm.com,0,1,1.0,ml
https://www.retegui-marble.fr,0,1,0.995,ml
https://www.faveglutenfreerecipes.com,0,1,0.995,ml
https://if8tofyiugkjihk.wqbsdoecuisrj4845.workers.dev/,1,1,1.0,ml
https://www.buffalolib.org,0,1,1.0,ml
https://www.kasparov.ru,0,1,0.995,ml
https://www.pastheritage.org,0,1,1.0,ml
https://microsoft-outlook80059cfghjhy0089.myportfolio.com/,1,1,1.0,ml
https://www.maf-uk.org,0,1,1.0,ml
https://www.littleorangephotography.com.au,0,1,0.995,ml
https://www.np360.com.hk,0,1,0.995,ml
http://www.lpm.fk.ub.ac.id,1,1,0.995,ml
https://www.zet-info.com,0,1,1.0,ml
http://www.basepicks.com,1,1,1.0,ml
https://www.times.co.nz,0,1,0.995,ml
https://www.riccardomuti.com,0,1,1.0,ml
https://www.chainsawchick.com,0,1,1.0,ml
https://www.ucalgary.ca,0,1,0.995,ml
https://www.responsibletravel.com,0,1,1.0,ml
https://bafybeiardsa5er7hxrjr74j6khdgikhmxomx5hrwldrefftslvh72a3rai.ipfs.cf-ipfs.com/12admadwetransfredirect.html,1,1,1.0,ml
https://www.evadesens.com,0,1,1.0,ml
http://5fgfgrg4g4g4g.blogspot.pt/,1,1,1.0,ml
https://www.lemoyne.org,0,1,1.0,ml
http://www.testaker.com,1,1,1.0,ml
https://www.palmspringsflorist.net,0,1,1.0,ml
https://business-meta-appeal-1269-0126.web.app/,1,1,1.0,ml
https://www.rogerdeakins.com,0,1,1.0,ml
https://www.audicontractors.com,0,1,1.0,ml
https://www.chromo.be,0,1,0.995,ml
https://www.monamijewelry.com,0,1,1.0,ml
http://www.codedlock.com,1,1,1.0,ml
https://www.casaruralaztieta.com,0,1,1.0,ml
https://www.freesat.co.uk,0,1,0.995,ml
https://www.bodbot.com,0,1,1.0,ml
http://www.sena-adrlins.cf,1,1,0.995,ml
http://www.pocketcacd.co.jp.vfeqfg.top/ai/registration.php,1,1,0.995,ml
https://www.kludi.com,0,1,1.0,ml
https://www.visitizmir.org,0,1,1.0,ml
https://www.rhalliburtonstar.com,0,1,1.0,ml
http://www.adalimmigrations.com,1,1,1.0,ml
http://security-page-community-standards.blogspot.rs/,1,1,1.0,ml
https://file-share-from-rita-folder-view.firebaseapp.com/,1,1,1.0,ml
http://jazzy-berry-begonia.glitch.me/,1,1,0.995,ml
https://www.keyforensic.co.uk,0,1,0.995,ml
https://www.samanthaboothart.com,0,1,1.0,ml
https://www.coinbase-tradepro.com/mining2dex/index.html#/,1,1,0.995,ml
https://www.kncrowder.com,0,1,1.0,ml
https://www.grado.info,0,1,0.995,ml
https://www.canyon.com,0,1,0.995,ml
https://www.araten.co.jp,0,1,0.995,ml
http://www.mmk.urlfb.co,1,1,0.995,ml
https://bowel67.weeblysite.com/,1,1,1.0,ml
https://www.vala.ma,0,1,1.0,ml
https://www.babymantra.com,0,1,1.0,ml
http://www.mwrc.ca,1,1,1.0,ml
http://www.hothess.com,1,1,1.0,ml
https://fonctionnalite-certicodeplus.websitepro.hosting/votreagenpst/,1,1,0.995,ml
https://www.blkb.ch,0,1,1.0,ml
https://www.madagate.org,0,1,1.0,ml
http://techclub.iitm.ac.in/events,0,0,0.0,ml
https://www.storiadelparmacalcio.com,0,1,1.0,ml
https://www.gemarsh.com,0,1,1.0,ml
https://www.bittybirdie.com,0,1,1.0,ml
http://www.altoinfor.co,1,1,1.0,ml
https://login-screen-107400-109875.square.site/,1,1,1.0,ml
https://www.iaasb.org,0,1,1.0,ml
http://www.shareflx.social-card-share.top,1,1,0.995,ml
http://przechodzimy-dalej.gay/,1,1,0.995,ml
https://www.vtgatherings.com,0,1,1.0,ml
http://www.server.tl,1,1,0.995,ml
https://bafybeigegku6ysoxc76ummls4gtocx5q4jnb5uluyath7d4umf6aafkxha.ipfs.cf-ipfs.com/,1,1,1.0,ml
https://www.nwrfca.org.uk,0,1,0.995,ml
https://www.motherthyme.com,0,1,1.0,ml
https://www-info-smbc.viptupian.com/all/login.php,1,1,0.995,ml
http://help-id-meta-6425472544.web.app/,1,1,1.0,ml
http://www.asserghorab.com,1,1,1.0,ml
https://www.flamingfires.co.uk,0,1,0.995,ml
https://www.cucchiaio.it,0,1,0.995,ml
https://www.polygon.com,0,1,1.0,ml
https://www.bghaircare.com,0,1,1.0,ml
https://www.highparktoronto.com,0,1,1.0,ml
https://aol-101094.weeblysite.com/,1,1,1.0,ml
https://www.scarlettrose.com,0,1,1.0,ml
https://www.promptsmart.com,0,1,1.0,ml
https://www.paolini.net,0,1,1.0,ml
https://www.inderapotheke.de,0,1,0.995,ml
http://sksfishtrading.com/public/,1,1,0.995,ml
https://ipfs.io/ipfs/bafybeicutxzvtvif5o2g4qlckdsn2i42sjylqwqbndcoafq7z5dpbfqbqy/fitchreginal_owa40nu.html#abcdef@outlook.com,1,1,1.0,ml
https://s1kh3-mdf1.web.app/,1,1,1.0,ml
https://www.koolkitchenpro.com,0,1,1.0,ml
https://www.i-pass.com.tw,0,1,0.995,ml
http://www.reload-cover-page.live,1,1,0.995,ml
http://www.rhythm86.com,1,1,0.995,ml
https://www.buonapappa.net,0,1,1.0,ml
https://www.jesuswalk.com,0,1,1.0,ml
https://www.westpointcity.org,0,1,1.0,ml
https://www.weighmasters.net,0,1,1.0,ml
http://www.angel2gether.de,1,1,0.995,ml
http://www.promptpayplus.com,1,1,1.0,ml
https://www.elayneboosler.com,0,1,1.0,ml
https://www.circusscientist.com,0,1,1.0,ml
https://www.xpresidentx.es,0,1,0.995,ml
https://c2864d40-4761-45ee-be1f-d080bddb6687.id.repl.co/,1,1,1.0,ml
https://beuah--erickcalderon3.repl.co/,1,1,1.0,ml
https://mail-update-9694.formaloo.net/att104,1,1,1.0,ml
http://www.ufjgkoh.fburl.fun,1,1,0.995,ml
https://www.alkalmazasmobilra.hu,0,1,0.995,ml
https://www.bethlehem-city.org,0,1,1.0,ml
https://www.pisfitness.com,0,1,1.0,ml
https://www.hauntedcuriosities.com,0,1,1.0,ml
https://www.webcompat.com,0,1,1.0,ml
https://www.harmonysmiledental.com,0,1,1.0,ml
https://llink.to/?u=https://sitedasaude.com/i/example@example.com,1,1,0.995,ml
https://www.phloem.app,0,1,0.995,ml
https://www.metrocptm.com.br,0,1,0.995,ml
https://www.moov-u.pt,0,1,1.0,ml
https://www.truecoloursfootballkits.com,0,1,1.0,ml
https://www.thephins.com,0,1,1.0,ml
https://messagerie-creditagricole-in.firebaseapp.com/,1,1,1.0,ml
https://prestamoescolar2023.com/,1,1,1.0,ml
https://www.trailersnow.net,0,1,1.0,ml
https://www.vermontlaw.edu,0,1,1.0,ml
https://www.productionproducts.net,0,1,1.0,ml
https://www.keyapp.nl,0,1,0.995,ml
http://www.macau2018.com,1,1,0.995,ml
https://www.racgp.org.au,0,1,0.995,ml
https://www.worldenergy.net,0,1,1.0,ml
https://www.quickchippy.com.au,0,1,0.995,ml
https://www.lagosjudiciary.gov.ng,0,1,0.995,ml
https://www.bannasch.de,0,1,0.995,ml
https://www.worldkidneycancerday.org,0,1,1.0,ml
https://www.kirriemuircameraobscura.com,0,1,1.0,ml
http://www.captioncodes.ru,1,1,0.995,ml
http://www.anobaka.jp,1,1,0.995,ml
https://www.modernwoodmen.org,0,1,1.0,ml
https://www.vigyan.com,0,1,1.0,ml
https://ipfs.io/ipfs/qmybh2tv6pjymgsgpczckzrwjfehtb6uuzzepasbvdj3ck/amapiauotweb.html,1,1,1.0,ml
https://www.policeoracle.com,0,1,1.0,ml
https://www.intowncoffee.com,0,1,1.0,ml
https://www.gknaerospace.com,0,1,1.0,ml
http://www.gtraff.com,1,1,1.0,ml
https://www.tekniskamuseet.se,0,1,0.995,ml
https://www.maartenluther.com,0,1,1.0,ml
https://bafybeicdtuujtdciuxstypvypprfdjl3vg6klvu4r3k2lpvgdeif7torde.ipfs.dweb.link/,1,1,1.0,ml
https://www.ahmagazin.com,0,1,0.995,ml
https://www.rhodes.edu,0,1,1.0,ml
https://dark-rain-621b.eagjdmxaxe.workers.dev/,1,1,1.0,ml
https://www.netnod.se,0,1,0.995,ml
https://www.achahockey.org,0,1,1.0,ml
https://www.estories.com,0,1,1.0,ml
https://id.aruba.kfv-main-tauber.com/,1,1,0.995,ml
https://www.4ocean.com,0,1,0.995,ml
http://www.chyprediction.com,1,1,1.0,ml
https://www.yiban.cn,0,1,0.995,ml
http://www.p6aaf64107f30e2c7e4621b0469d2b39da.ws,1,1,1.0,ml
http://www.borodach2643890.online.swtest.ru,1,1,0.995,ml
https://www.abkco.com,0,1,1.0,ml
https://www.dominodatalab.com,0,1,1.0,ml
http://att-102239.weeblysite.com/,1,1,1.0,ml
https://s3.ap-southeast-1.wasabisys.com/mailbusiness/appsuite/tlyappioox/mailfolderdefault9/inbox.html,1,1,1.0,ml
https://www.thisidoforme.com,0,1,1.0,ml
https://www.silviadoring.com.br,0,1,0.995,ml
https://www.typemag.org,0,1,1.0,ml
https://conferindo-meusaldonline-2023.com/luiza/?userid=13&uri=pqmtjthc6uj5kd3h3ajg8pz2nup+k1le8dcdjjuz9jc=,1,1,1.0,ml
https://www.sausalito.org,0,1,1.0,ml
https://www.total-motorsport.com,0,1,1.0,ml
https://tribelio.page/account-unblock,1,1,0.9839,ml
https://www.trsga.com,0,1,1.0,ml
https://www.germangiftoutlet.com,0,1,1.0,ml
https://www.fulltextarchive.com,0,1,1.0,ml
https://www.nebraska.gov,0,1,0.995,ml
https://r0m.9dd.myftpupload.com/pagomente/recibir_paquete.php,1,1,1.0,ml
https://ipfs.litnet.work/ipfs/bafybeiardsa5er7hxrjr74j6khdgikhmxomx5hrwldrefftslvh72a3rai/karatwebautoback.html,1,1,1.0,ml
https://www.arenasolutions.com,0,1,1.0,ml
https://www.hachettechildrens.co.uk,0,1,0.995,ml
https://www.explorandomexico.com,0,1,1.0,ml
https://www.explorra.com,0,1,1.0,ml
https://www.pedropointsirens.com,0,1,1.0,ml
https://www.roros.no,0,1,0.9971,ml
https://www.omniglot.com,0,1,1.0,ml
http://www.devilhost.blocktrail.com,1,1,0.995,ml
https://www.thehits.co.nz,0,1,0.995,ml
https://gateway.ipfs.io/ipfs/bafybeicm4nha4dkh5qzoyoozydo5pcfgcmovwqzs6y5ej2cb6wv67pnmya//seoul-log.html,1,1,1.0,ml
http://www.akamai-technologies.host,1,1,0.995,ml
http://www.dearabba.org,1,1,1.0,ml
https://www.primalpainter.com,0,1,1.0,ml
https://ayt-103563-100603.square.site/,1,1,1.0,ml
http://www.rebecar.cf,1,1,0.995,ml
https://www.freeprintscards.co.uk,0,1,0.995,ml
http://mx-5.lu/ebranch/confirm.php,1,1,0.995,ml
http://www.appsync-api.eu-west-1.avsvmcloud.com,1,1,0.995,ml
http://www.hopedalebooks.com,1,1,1.0,ml
https://triflingflashyapplicationpackage--digitaloceanc.repl.co/,1,1,1.0,ml
https://www.uc.utoronto.ca,0,1,0.995,ml
https://www.xmenglish.cn,0,1,0.995,ml
https://www.savethechildren.org,0,1,1.0,ml
https://www.peggyscoveregion.com,0,1,1.0,ml
https://www.happyhomeandfamily.com,0,1,1.0,ml
https://www.cal-surety.com,0,1,0.9973,ml
https://www.screenish.com,0,1,1.0,ml
http://www.ticket-11.com/,1,1,1.0,ml
https://www.wetamarine.com,0,1,1.0,ml
https://www.bitajarod.com,0,1,1.0,ml
http://www.ozaron.beget.tech,1,1,0.995,ml
https://jam-023d.gitlab.io/hitech-023s/yujtbgfvrtgrfd.html#amillet@prepaidlegal.com,1,1,1.0,ml
https://dilscordgiftes.net.ru/ws,1,1,0.995,ml
https://www.perureports.com,0,1,1.0,ml
https://www.adkartsboutique.com,0,1,1.0,ml
https://www.superiordental.com,0,1,1.0,ml
http://www.nethunsleather.com,1,1,1.0,ml
https://www.baptisthealth.com,0,1,1.0,ml
https://www.bestofbiotech.at,0,1,0.995,ml
https://www.boydteam.com,0,1,1.0,ml
http://www.nkdj.urlfb.co,1,1,0.995,ml
http://www.themesthatyoulike.com,1,1,1.0,ml
https://www.liquidlight.co.uk,0,1,0.995,ml
https://www.wuppertaler-rundschau.de,0,1,0.995,ml
http://www.odsakmdfnbs.com,1,1,1.0,ml
https://www.lavocedellevalli.it,0,1,0.995,ml
https://onlinecollegeform.comillaboard.gov.bd/infomk.html,1,1,0.995,ml
https://www.graphaware.com,0,1,1.0,ml
https://www.successallabout.com,0,1,0.995,ml
https://itau-activacionpy.jimdosite.com/,1,1,1.0,ml
https://sbzuc7vcx.web.app/,1,1,0.995,ml
https://www.cundillprize.com,0,1,1.0,ml
http://www.hferry.co.kr,1,1,0.995,ml
https://www.yadifa.eu,0,1,0.995,ml
https://tribelio.page/problemaccount/,1,1,0.995,ml
https://www.roofersscarborough.com,0,1,1.0,ml
https://www.hyundaicapitalbrasil.com,0,1,1.0,ml
https://www.cinechronicle.com,0,1,0.995,ml
https://www.trans-health.com,0,1,1.0,ml
https://yahoo-105921.weeblysite.com/,1,1,1.0,ml
https://www.harmonicinc.com,0,1,0.995,ml
https://www.heartlandcu.org,0,1,1.0,ml
https://www.greaternoidaauthority.in,0,1,0.995,ml
http://www.imprecof.com,1,1,1.0,ml
https://www.redeclipse.net,0,1,1.0,ml
http://www.meldorgroup.cn,1,1,0.995,ml
https://www.jast.jp,0,1,1.0,ml
https://kristosh.eu/wp-content/plugins/bhdwvwr/wellsfargo.com.asp.aws/wells/pafe_a.php,1,1,0.995,ml
https://www.clubedejornalistas.pt,0,1,0.995,ml
https://www.futuresfundamentals.org,0,1,1.0,ml
https://www.irwinentertainment.com,0,1,1.0,ml
https://s66tcfd-u.firebaseapp.com/,1,1,1.0,ml
http://anatanft-free.xyz,1,1,0.995,ml
https://www.4wcop.org,0,1,1.0,ml
https://www.gemsofwar.com,0,1,1.0,ml
https://www.uniteautomotive.com,0,1,1.0,ml
https://www.feelingthevibe.com,0,1,1.0,ml
https://www.firenzeviola.it,0,1,0.995,ml
https://www.tinytoones.org,0,1,1.0,ml
https://www.cslbehring.com,0,1,1.0,ml
http://www.authymysexy.info,1,1,0.995,ml
http://www.munishjindal.com,1,1,1.0,ml
http://www.eventmonitoring.org,1,1,1.0,ml
https://ipfs.io/ipfs/qmqs4ryr7v4dv1y9tqlecwuvbdf7h7yhsx3zy7zkvegkn3/beka.html,1,1,1.0,ml
http://www.metamaskio.net,1,1,1.0,ml
https://www.gonca.com.tr,0,1,0.995,ml
https://www.pizza-la.co.jp,0,1,0.995,ml
https://www.boutiqueacademia.com,0,1,1.0,ml
http://www.pockctaaed.co.jp.zkuqho.top/ai/registration.php,1,1,0.995,ml
https://www.pro-physik.de,0,1,0.995,ml
http://controllo-cliente.com/,1,1,1.0,ml
https://www.scholarshipnet.info,0,1,0.995,ml
https://www.karltarvas.com,0,1,1.0,ml
https://www.ohmitetudo.co.jp,0,1,0.995,ml
http://5fgffgfg4g4gh4hf.blogspot.com/?m=1,1,1,1.0,ml
http://qjrhhmswig.dynamicrewards.club/vnafvra97w/?q=3717065149&id=100,1,1,1.0,ml
https://aruba.2fa-app-link-auth.com,1,1,0.995,ml
http://www.webarh.com,1,1,1.0,ml
http://www.undy.org,1,1,1.0,ml
http://www.kwan078lj.web.app,1,1,0.995,ml
https://www.culvers.com,0,1,1.0,ml
https://www.italianfuturism.org,0,1,1.0,ml
https://www.conunpardeguindillas.com,0,1,1.0,ml
https://www.queenslandshows.com.au,0,1,0.995,ml
https://www.joyaether.com,0,1,1.0,ml
https://www.culturalprecinct.uwa.edu.au,0,1,0.995,ml
http://www.mydargahsazgoogle.ml,1,1,0.995,ml
https://yiw7219whwu1791hjwnw9113nsjs.myportfolio.com/,1,1,1.0,ml
https://0vergyt2023.user232303.repl.co/,1,1,1.0,ml
http://www.donamaria-lb.com,1,1,0.9998,ml
https://www.africaleadcorporation.com,1,1,1.0,ml
https://www.benrady.com,0,1,1.0,ml
https://www.mcintoshlabs.com,0,1,1.0,ml
https://www.greengoataz.com,0,1,1.0,ml
https://www.cocktail.uk.com,0,1,0.995,ml
http://www.bigfun.xyz,1,1,1.0,ml
https://www.cinema1plus.com,0,1,0.995,ml
https://a4bb9530-fc33-461a-9985-bd9a5f88beb4.id.repl.co/home.php,1,1,1.0,ml
http://www.fashioncontainer.net,1,1,1.0,ml
https://www.wikilivres.ca,0,1,0.995,ml
https://www.novaprata.rs.gov.br,0,1,0.995,ml
https://wf-alrts.id/xauth.php?oauth&reset,1,1,0.995,ml
https://www.religion.utoronto.ca,0,1,0.995,ml
https://www.yanous.com,0,1,1.0,ml
https://www.chiquita.com,0,1,1.0,ml
https://www.chewmagna.bathnes.sch.uk,0,1,0.995,ml
https://www.arithmeum.uni-bonn.de,0,1,0.995,ml
https://www.thedrinksbusiness.com,0,1,1.0,ml
https://www.montgomeryhistory.org,0,1,1.0,ml
https://www.accordo.it,0,1,0.995,ml
https://phonepe-reward.xyz/scratch-card,1,1,0.9839,ml
https://www.scotchwhiskyexperience.co.uk,0,1,0.995,ml
https://attmailingale7372.boxmode.io/,1,1,1.0,ml
https://www.datadoctor.biz,0,1,0.995,ml
https://www.maria-johnsen.com,0,1,1.0,ml
https://www.clutchjewelry.com,0,1,1.0,ml
https://www.tellmeacharm.com,0,1,1.0,ml
https://mygov-user.20-245-45-137.plesk.page/personal.html,1,1,1.0,ml
https://www.ehbo.nl,0,1,1.0,ml
https://www.womenshistory.si.edu,0,1,0.995,ml
https://onlinebankinggalicia.bancaonlinegal.repl.co/,1,1,0.995,ml
https://www.lotechsales.com,0,1,1.0,ml
https://www.embalses.net,0,1,1.0,ml
https://www.wmot.org,0,1,1.0,ml
https://www.corbettoregon.com,0,1,1.0,ml
https://www.vagamon.com,0,1,0.995,ml
https://www.edesign.com.sa,0,1,0.995,ml
https://www.maltataxi.mt,0,1,0.995,ml
https://acessodasuafaturaluiza.com/?gclid=eaiaiqobchmio6sy5r3a_qivtobcch06zadreaayasaaegigvfd_bwe,1,1,1.0,ml
http://www.gaypornwave.com,1,1,1.0,ml
http://www.isfun.net,1,1,1.0,ml
https://nicepriceoffice.nl/wp-content/languages/wpml/compact.php,1,1,0.995,ml
http://www.lovememories.org,1,1,1.0,ml
https://sav-esim-sfr.fr/verification/login.php,1,1,0.995,ml
http://www.woodstor.com,1,1,1.0,ml
https://www.softtalk.me,0,1,0.995,ml
http://mail.pemulihan11297.3gp.work.gd/,1,1,1.0,ml
http://www.falconna.com,1,1,1.0,ml
https://www.dallasjo.com,0,1,1.0,ml
https://www.maineboats.com,0,1,1.0,ml
https://www.customarchitecture.com,0,1,1.0,ml
https://www.javitscenter.com,0,1,1.0,ml
https://www.webbdeepsky.com,0,1,1.0,ml
https://www.adisq.com,0,1,1.0,ml
https://www.rocketbaby.net,0,1,1.0,ml
http://www.shopeeov.com/,1,1,1.0,ml
https://www.conbotasdeagua.com,0,1,1.0,ml
https://www.amber-lang.net,0,1,1.0,ml
https://www.homesforsalegreenbay.com,0,1,1.0,ml
https://www.netfllx-account.com/,1,1,0.995,ml
https://www.thekojonnamdishow.org,0,1,1.0,ml
https://www.oda-kt.ch,0,1,1.0,ml
https://nouvellemiseenforme21.firebaseapp.com/,1,1,1.0,ml
https://www.arketipodesign.it,0,1,0.995,ml
https://aol-104964.weeblysite.com/,1,1,1.0,ml
https://www.ocaziituristice.ro,0,1,0.995,ml
https://www.nfotografos.com,0,1,1.0,ml
https://www.head-liner.ru,0,1,0.995,ml
http://www.devguardmap.org,1,1,1.0,ml
https://www.yogapedia.com,0,1,1.0,ml
https://www.ekotrimulyono.com,0,1,1.0,ml
https://www.bestweddingsinsantorini.com,0,1,1.0,ml
http://www.s1p.no-ip.bz,1,1,0.995,ml
https://conseil-414f4.web.app/,1,1,1.0,ml
http://www.iren-edalet.ml,1,1,0.995,ml
https://mclieull-khuody-mccleiags.yolasite.com/,1,1,1.0,ml
https://www.joelonsoftware.com,0,1,1.0,ml
https://www.odditycentral.com,0,1,1.0,ml
https://maildinshaakckjnw237.firebaseapp.com/,1,1,1.0,ml
https://www.ntnews.com,0,1,1.0,ml
https://www.sohopelesslybroken.com,0,1,1.0,ml
https://www.jankarihub.com,0,1,1.0,ml
https://www.historia-actual.org,0,1,1.0,ml
https://domappcheckomeg1.web.app/,1,1,0.995,ml
https://www.tusciaup.com,0,1,1.0,ml
https://www.biodiesel.com,0,1,1.0,ml
https://www.netokracija.com,0,1,1.0,ml
https://support.acoizzna-iaoaiwn.icu/,1,1,0.995,ml
https://aol-mail-102038.weeblysite.com/,1,1,1.0,ml
http://www.minerpool.pw,1,1,0.995,ml
http://www.zhengtiankai.com,1,1,1.0,ml
https://www.csbpaton.com,0,1,1.0,ml
https://www.apctt.org,0,1,1.0,ml
https://www.themotherhood.com,0,1,1.0,ml
https://www.sareligionuoft.ca,0,1,0.995,ml
https://www.indymedia.nl,0,1,0.995,ml
https://hospitablecaringoffice--bpcijn.repl.co,1,1,0.995,ml
https://www.bayernforum.com,0,1,1.0,ml
https://connexion-bpnsecur-fondation.web.app/,1,1,0.995,ml
https://www.boozyburbs.com,0,1,1.0,ml
https://www.ourmidland.com,0,1,1.0,ml
https://www.parthia.com,0,1,1.0,ml
https://bill-rebate-gov-uk.web.app/,1,1,0.995,ml
https://www.computertalk.com,0,1,1.0,ml
https://www.stadtgalerie-plauen.de,0,1,0.995,ml
https://www.musiccouncil.org,0,1,1.0,ml
https://www.coltura.org,0,1,1.0,ml
http://www.sttania.com,1,1,1.0,ml
https://www.lag.org.uk,0,1,0.9959,ml
https://www.ninjajamm.com,0,1,1.0,ml
https://www.brasilagosto.org,0,1,1.0,ml
https://www.globalpagoda.org,0,1,1.0,ml
https://www.kbshomeservice.com,0,1,1.0,ml
http://www.gongotraa.com,1,1,1.0,ml
https://gateway.ipfs.io/ipfs/bafybeic5pqkweobka2tfnltnod732ftxg7ecudziaiquvdqwhbuubslql4,1,1,1.0,ml
https://www.webmasterworld.com,0,1,1.0,ml
https://www.pergioco.net,0,1,1.0,ml
https://www.idi.org.il,0,1,0.995,ml
https://www.cafamuseum.org,0,1,1.0,ml
https://www.alluemyoga.com,0,1,1.0,ml
https://rgd-accessibledesign-1317634057.cos.na-toronto.myqcloud.com/rgd-accessibledesign.html,1,1,1.0,ml
https://www.glogirly.com,0,1,0.995,ml
https://www.infto-saissoon.vkoiiyw.cn/web/sign,1,1,0.995,ml
https://onedrive1-2cb06.firebaseapp.com/,1,1,1.0,ml
https://www.newsdial.com,0,1,1.0,ml
https://www.btnomenclature.info,0,1,0.995,ml
http://www.token-mt.firebaseapp.com,1,1,0.995,ml
http://www.ballparksportscards.com,1,1,1.0,ml
https://xq5807.webwave.dev/,1,1,1.0,ml
https://www.areagoods.com,0,1,1.0,ml
https://www.ejournal.karinosseff.org,0,1,0.995,ml
https://www.106rqw.ang.af.mil,0,1,0.995,ml
https://www.paradechiropractic.com.au,0,1,0.995,ml
https://fb-business-appeal-9fdda.firebaseapp.com/,1,1,1.0,ml
http://www.cloudflane.com,1,1,1.0,ml
https://www.cavoparadiso.gr,0,1,0.995,ml
http://www.mygov3-au.top,1,1,0.995,ml
https://www.tommygodwin.com,0,1,1.0,ml
https://vanillagiftclub.shop/checkbalance/,1,1,0.995,ml
https://www.dayandnightwatches.com,0,1,1.0,ml
https://www.pristineclassical.com,0,1,1.0,ml
https://www.ziemelukoridors.lv,0,1,0.995,ml
https://bafybeiciybgr4yyk73flu2j6nknw4nnlpvapm5ocuz4hloq2l724w42xfa.ipfs.cf-ipfs.com/,1,1,1.0,ml
https://www.freeciv.org,0,1,0.995,ml
https://www.quelibroleo.com,0,1,1.0,ml
http://www.edjkpz.tokyo,1,1,0.995,ml
https://mainaryreffence.com/65cad837-d5e8-4707-a63d-4940bbade04a,1,1,0.995,ml
https://ccmoney.pro/auth.php,1,1,0.995,ml
https://www.ernestina.org,0,1,1.0,ml
https://www.amieborst.com,0,1,1.0,ml
https://www.quakerwindows.com,0,1,1.0,ml
http://acikdeniz-internetsube.ga/,1,1,0.995,ml
https://www.faithvetclinic.com,0,1,0.995,ml
http://christianschumann.com/https/102.165.41.309363/http.tuya.com.co/login.html,1,1,0.995,ml
https://www.lonepack.org,0,1,1.0,ml
https://silent-bonus-b616.sstuodrafelreme.workers.dev/,1,1,1.0,ml
https://www.birdsnz.org.nz,0,1,0.995,ml
http://www.technowood.co.ke,1,1,0.995,ml
https://www.pref.toyama.jp,0,1,0.995,ml
https://www.rimradio.ma,0,1,0.995,ml
https://www.evorahotel.pt,0,1,0.995,ml
http://www.shprk-melli-ir.cf,1,1,0.995,ml
https://www.vttortillaco.com,0,1,1.0,ml
http://www.mqsjw.com,1,1,1.0,ml
https://modemarketingco.com/wp-admin/js/tride/bhalinkedin,1,1,0.995,ml
https://www.epbaeurope.net,0,1,1.0,ml
https://www.lahsa.org,0,1,1.0,ml
https://www.tmmob.org.tr,0,1,0.995,ml
http://www.vhidstw.ga,1,1,0.995,ml
https://www.gormanscharpf.com,0,1,1.0,ml
https://www.vi.in/prepaid-recharge,0,1,0.9839,ml
https://www.hamburger-reformation.de,0,1,0.995,ml
https://www.publicdeliberation.net,0,1,1.0,ml
https://www.mybrandpantry.com,0,1,1.0,ml
http://www.huslav.ga,1,1,0.995,ml
https://www.thecasecentre.org,0,1,1.0,ml
https://att-103800.weeblysite.com/,1,1,1.0,ml
https://www.myscience.uk,0,1,0.995,ml
http://www.hddrc.net,1,1,0.995,ml
https://www.artgallery.nsw.gov.au,0,1,0.995,ml
https://www.vacounseling.com,0,1,1.0,ml
https://www.graydevelopmentgroup.com,0,1,1.0,ml
https://www.atg.wa.gov,0,1,0.995,ml
http://shorturl.at/afv48,1,1,0.995,ml
https://www.ryukyu-corazon.com,0,1,1.0,ml
https://fintechmojo.com/ibg/client/ispc.php,1,1,0.995,ml
https://www.buurtpreventie24.be,0,1,0.995,ml
https://mandibahauddintradersllc.com/lbp.iaccess/,1,1,0.995,ml
https://www.kyffhaeuserbundev.de,0,1,0.995,ml
https://www.thuisfuif.net,0,1,1.0,ml
https://www.plantamed.com.br,0,1,0.995,ml
http://bafybeihypqbbinr32aftiv2pr2awyr5gm6koqzfpd3og6xriulzo6vcczq.ipfs.w3s.link/,1,1,1.0,ml
https://anpost-reorder.com/,1,1,1.0,ml
https://wallet-updating.io/wallet/,1,1,0.995,ml
http://www.project6a-cc865.web.app,1,1,0.995,ml
https://www.modumobile.com,0,1,1.0,ml
http://www.macarthursflowers.com,1,1,1.0,ml
https://www.eventiverona.it,0,1,0.995,ml
https://cerulean-macaron-ed4098.netlify.app/,1,1,1.0,ml
https://www.thaitheparos.com,0,1,1.0,ml
https://rtrus.ru/bitrix/sounds/main/modules/jsintersvyaz,1,1,0.995,ml
https://www.majorpoolsupplies.com,0,1,1.0,ml
http://www.turnerswindowstylings.com,1,1,1.0,ml
http://guitar.sepa-00980-force-drop.oa.r.appspot.com/?fbclid=iwar0pqbupxoainphv8gwwpnwp1uc291nu3qvqgbqbjc-ywqu1zuiek3i6c3e,1,1,1.0,ml
https://www.tomato-cages.com,0,1,1.0,ml
http://www.tinthethaoi.com,1,1,1.0,ml
https://www.dordt.edu,0,1,1.0,ml
http://www.autoemail.zpesport.com,1,1,0.995,ml
https://www.radiyoyacuvoa.com,0,1,1.0,ml
https://www.hildrethmeiere.org,0,1,1.0,ml
https://www.staynerd.com,0,1,1.0,ml
http://delivery.68151212.xyz/captcha,1,1,1.0,ml
http://www.ah-holweger.de,1,1,0.995,ml
https://kusca.com.ar/wp-includes/widgets/webtech/f9124e6d872708a24/pass/,1,1,0.995,ml
https://www.tisserontorthodontics.com,0,1,1.0,ml
https://www.fvwoman.com,0,1,1.0,ml
https://www.msoftware.co.nz,0,1,0.995,ml
https://www.unitedluxury.net,0,1,1.0,ml
https://mez.ink/pemenanghadiah2022,1,1,0.995,ml
https://s.free.fr/c4utghc6,1,1,0.995,ml
https://8rvv.short.gy/bper.it/,1,1,0.995,ml
https://www.themetropolitain.ca,0,1,0.995,ml
https://www.arcedition.com,0,1,1.0,ml
https://www.fclm.ru,0,1,1.0,ml
https://www.yuccamountain.org,0,1,1.0,ml
https://www.tatar-inform.ru,0,1,0.995,ml
https://www.giro.com,0,1,1.0,ml
https://objectstorage.ap-tokyo-1.oraclecloud.com/n/nr7nwmw5hpha/b/vjj0amvgwxlwbghtykdowvlxefzpuq.v1cxr2vscfvxvejhujfacvdsyzfhbul5vw14alp3/o/v1zssk5xunrta0prvkrboqindex.html#,1,1,1.0,ml
https://www.genesisjcmo.com,0,1,1.0,ml
https://www.google-ipo.com,0,1,0.995,ml
https://www.asi.org.ru,0,1,0.9959,ml
https://www.nbforum.com,0,1,1.0,ml
https://maildinshaakckjnw171.firebaseapp.com/,1,1,1.0,ml
https://www.urbanoctopus.com,0,1,1.0,ml
http://steam.guesskings.com/profiles/76561198335211930/,1,1,1.0,ml
https://www.tlcvision.com,0,1,1.0,ml
https://www.homegoodsgalore.com,0,1,1.0,ml
https://www.outdoorhydro.com,0,1,1.0,ml
https://www.nnma.gov.ng,0,1,0.995,ml
https://www.teacherstylebox.com,0,1,1.0,ml
https://www.rfglobalnet.com,0,1,1.0,ml
https://segurosbancobasahome.565757687.repl.co/,1,1,1.0,ml
https://www.alldigitalphotoandvideo.com,0,1,1.0,ml
https://www.steamworksstudio.com,0,1,1.0,ml
https://docs.google.com/presentation/d/e/2pacx-1vryztkpxalu1-p_3pvfdag9xf4pd-hv8zelnzglajhqlh4wxjyb-prr5y31zdffd6fmdkcdxa6fcl40/pub?start=false&loop=false&delayms=3000,1,0,0.01,whitelist
https://docs.python.org/3/library/urllib.parse.html,0,1,0.995,ml
https://www.jdavidjewelry.com,0,1,1.0,ml
https://www.stmarytx.edu,0,1,1.0,ml
http://mail.deliverylifesupport.com/public/srfk4jvzzbnbn8ksaa7ikqc9klzvndjd,1,1,1.0,ml
https://www.manufacturingmanagement.co.uk,0,1,0.995,ml
https://www.winemerchantcincinnati.com,0,1,1.0,ml
https://www.mccormick.k12.sc.us,0,1,0.995,ml
https://www.riverside.org.uk,0,1,0.995,ml
https://www.killyourdarlings.com.au,0,1,0.995,ml
http://rotf.lol/3nyspk6u,1,1,0.995,ml
http://www.docs.coinbigex.com,1,1,0.995,ml
http://att-mail-105336.weeblysite.com/,1,1,1.0,ml
https://www.colormycookie.com,0,1,1.0,ml
https://www.kiwiz.me,0,1,0.9973,ml
https://aol-102003.weeblysite.com/,1,1,1.0,ml
https://www.nemzetisport.hu,0,1,0.995,ml
https://www.vorresmuseum.gr,0,1,0.995,ml
https://comerogroups-15485.web.app/,1,1,1.0,ml
https://www.prolineracing.com,0,1,1.0,ml
https://www.jamberson.com,0,1,1.0,ml
http://akserakaryakit.com/templates/atomic/icscards.nl,1,1,0.995,ml
https://auth-id35.com/intesasanpaolo.auth-id35.com/,1,1,0.995,ml
https://www.leptospirosis.org,0,1,1.0,ml
https://www.abenteuerzeilen.de,0,1,0.995,ml
https://www.grandprix.com.au,0,1,0.995,ml
https://www.amaczon-co-jp.amazccn.tqybfw.top/ap/signin,1,1,0.995,ml
https://www.caricaturemaster.com,0,1,1.0,ml
https://www.amazcon-co-jp.amacszan.srnjtd.top/ap/signin,1,1,0.995,ml
https://www.mote-evolver.com,0,1,1.0,ml
https://www.perio.org,0,1,1.0,ml
https://www.nataschavonhirschhausen.com,0,1,0.995,ml
https://www.goparkin.io,0,1,0.995,ml
https://www.pgr.gov.mz,0,1,0.995,ml
https://www.getgrist.com,0,1,1.0,ml
https://www.ciacampania.org,0,1,1.0,ml
https://www.iccpp.org,0,1,1.0,ml
https://ipfs.io/ipfs/qmvnzv1wqfpcxwcdstph4ecxwbdnenu28fpnifalzgebth,1,1,0.995,ml
https://www.bycarianne.com,0,1,1.0,ml
http://val-halla.xyz/claim/,1,1,0.995,ml
http://lukers.com.sg/chronopostalertee/chronopostalertee,1,1,0.995,ml
https://www.thesealedknot.org.uk,0,1,0.995,ml
https://www.chesterfieldobserver.com,0,1,1.0,ml
https://www.communitiesinbloom.ca,0,1,0.995,ml
https://www.tendancefood.com,0,1,1.0,ml
https://www.restfest.org,0,1,1.0,ml
https://www.sechistorical.org,0,1,1.0,ml
https://www.southbankcorporation.com.au,0,1,0.995,ml
https://www.pumpkin.care,0,1,1.0,ml
https://www.pulleez.com,0,1,1.0,ml
https://s92092-idsecure.com/?username=ta.ecoles@aftal.com,1,1,0.995,ml
https://www.cpm.coop,0,1,0.9963,ml
https://www.uruknet.info,0,1,0.995,ml
https://www.sportal.de,0,1,0.995,ml
http://www.software-update.live,1,1,0.995,ml
https://www.aqonline.co.uk,0,1,0.995,ml
https://www.bidwells.co.uk,0,1,0.995,ml
http://cy40981.tw1.ru/sg/77432f83b00af2b/index.php?lsg,1,1,1.0,ml
https://www.arenlace.com,0,1,1.0,ml
https://www.ennex.com,0,1,1.0,ml
https://www.icyphoenix.com,0,1,1.0,ml
https://www.shindesign.ch,0,1,0.995,ml
http://jio.dopinion.link,1,1,0.995,ml
http://www.pachiba.com,1,1,1.0,ml
https://www.cmbih.com,0,1,1.0,ml
https://www.id.ee,0,1,1.0,ml
http://ycefnezlgz.orquideass.club/vnafvra97w/?q=3717065149&id=100,1,1,1.0,ml
https://www.nirvanacanada.com,0,1,1.0,ml
https://www.twp.northville.mi.us,0,1,0.995,ml
https://www.aspire.com,0,1,0.995,ml
https://www.georgeeliot.org,0,1,1.0,ml
https://www.oreilly.com,0,1,1.0,ml
https://treisdg.jungleheart.com/,1,1,0.995,ml
https://www.itsheron.com,0,1,1.0,ml
https://www.armonkplayers.org,0,1,1.0,ml
https://www.hibiny.com,0,1,1.0,ml
http://www.kueronekayacotn-co-jp.kueronekayacotn.jalrmm.top/ai/,1,1,1.0,ml
https://www.histor.nl,0,1,0.995,ml
https://www.near.st,0,1,1.0,ml
https://www.caslpa.ca,0,1,0.995,ml
https://www.pacificcoastharvest.com,0,1,1.0,ml
http://www.sssmar.welco.live,1,1,0.995,ml
https://www.servemequick.com,0,1,1.0,ml
https://www.communicationstudies.com,0,1,0.995,ml
https://www.priceypads.com,0,1,1.0,ml
https://www.wildturkeyzone.com,0,1,1.0,ml
https://www.binaryemotions.com,0,1,1.0,ml
http://www.posmecca.com,1,1,1.0,ml
https://www.livingwelllaughoften.com,0,1,1.0,ml
http://mcas-proxyweb.mcas.ms/certificate-checker?login=false&amp;originalurl=https%3a%2f%2fbit.ly.mcas.ms%2f3tbqbin%3fmcastsid%3d20893&amp;mcascsrf=0f95c59a30af1e3a152874bd1ed8389e360301a106dd1613f05a98f6033f0361,1,1,1.0,ml
https://www.teplice.cz,0,1,0.995,ml
https://www.rsagroup.com,0,1,1.0,ml
https://www.aag.org,0,1,1.0,ml
https://www.paymentwall.com,0,1,1.0,ml
https://www.russian-records.com,0,1,1.0,ml
https://www.daviteks.com,0,1,1.0,ml
https://www.asiaexplorers.com,0,1,1.0,ml
https://docs.google.com/presentation/d/e/2pacx-1vrtuu29g7tzzopngkzvpveqenxa9iq9ty0k7xcwwr23d1mdspfgzho5mkki8lbknlr35txkzz3fx1j1/pub?start=false&loop=false&delayms=3000,1,0,0.01,whitelist
https://shar3pointfilehjdcl0udprotect.myportfolio.com/,1,1,1.0,ml
https://www.katacoda.com,0,1,1.0,ml
https://www.teatrodinessuno.it,0,1,0.995,ml
https://www.midwife.org,0,1,1.0,ml
https://www.southwhidbeyrecord.com,0,1,1.0,ml
https://www.hwconstruction.com,0,1,1.0,ml
https://www.bresserpereira.org.br,0,1,0.995,ml
https://www.phonevalidator.com,0,1,1.0,ml
https://www.portofgalveston.com,0,1,1.0,ml
https://www.sawyerrshousemoneylifestyle.com,0,1,1.0,ml
https://www.blackstudio.it,0,1,0.995,ml
https://www.myscope.training,0,1,0.995,ml
https://www.purplehousepress.com,0,1,1.0,ml
https://www.cobiapp.com,0,1,1.0,ml
https://www.linkpagebuddy.com,0,1,1.0,ml
https://www.breezetree.com,0,1,1.0,ml
https://www.katara.net,0,1,0.995,ml
https://outl00klive.boxmode.io/,1,1,1.0,ml
https://kuba.sineed.pl/aiiegro/email@example.com,1,1,0.995,ml
https://www.ashg.org,0,1,1.0,ml
https://www.wirelesscity.jp,0,1,0.995,ml
https://cooianbaselog.azurewebsites.net/,1,1,1.0,ml
http://www.amazceom-co-jp.amaczeon.chafalv.top/,1,1,1.0,ml
http://www.3gmission.com,1,1,0.995,ml
https://www.platinumtrain.jp,0,1,0.995,ml
https://www.sqlcourse.com,0,1,1.0,ml
https://www.lpsc.louisiana.gov,0,1,0.995,ml
https://www.kyagr.com,0,1,1.0,ml
https://mail.deliverylifesupport.com/public/bfpwajxsvb0blonjm6a3rkyzjtztci1n,1,1,1.0,ml
http://www.2.wtzyx.com,1,1,0.995,ml
https://www.biologiaholistica.com,0,1,1.0,ml
https://console-service-infos.firebaseapp.com/,1,1,1.0,ml
https://www.frankhamilton.org,0,1,1.0,ml
https://www.mortemzine.net,0,1,1.0,ml
http://www.rat-p.xyz,1,1,1.0,ml
https://www.saudija.org,0,1,1.0,ml
https://swaggerhub-noprod.mibanco.com.pe/apis/mb-apis/neg-estado_financiero_v_1/v1?fbclid=iwar24ov7vg56przfmopt8nqndtyxhaxwmqkrb3hu46zspceo4pig2bndftfw#/estado%20financiero/post_loans_deposits_consumer_loan_v1_0_estado_financiero,1,1,1.0,ml
https://www.medela.com,0,1,1.0,ml
https://www.oriel.ox.ac.uk,0,1,0.995,ml
https://www.pawparksanford.org,0,1,1.0,ml
https://claiming.lensr.xyz/,1,1,0.995,ml
https://www.klara.ch,0,1,0.995,ml
http://www.microlilics.000space.com,1,1,0.995,ml
https://www.jatai.net,0,1,1.0,ml
http://www.printerupdates.online,1,1,0.995,ml
https://www.bythecblog.com,0,1,1.0,ml
https://www.babesflowers.com,0,1,1.0,ml
https://www.djsoft.net,0,1,1.0,ml
https://www.chez-gram.com,0,1,1.0,ml
https://www.rugdoctor.co.uk,0,1,0.995,ml
http://www.cosentinoconsult.com.br,1,1,0.995,ml
https://www.autoinfluence.com,0,1,1.0,ml
https://www.jabihcapriolo.com,0,1,1.0,ml
https://www.snappyshopper.co.uk,0,1,0.995,ml
https://www.naii.io,0,1,0.995,ml
https://www.salvationarmy.org.uk,0,1,0.995,ml
https://www.bonniebling.co.uk,0,1,0.995,ml
http://ybbaw6.webwave.dev/,1,1,1.0,ml
http://www.oasmavkjmcxctdkit.net,1,1,1.0,ml
https://www.stilettodash.com,0,1,1.0,ml
https://www.joelynnturner.com,0,1,1.0,ml
https://tatita-98f52.firebaseapp.com/,1,1,1.0,ml
https://www.lvzandstralen.be,0,1,0.995,ml
http://www.amazcazm-co-jp.amaozcon.liaotianchaxun.top,1,1,0.995,ml
http://www.omgwowxisf.cf,1,1,0.995,ml
http://firstreact-hj9n1etax-johanesashn-gmailcom.vercel.app/,1,1,1.0,ml
https://www.croatia-times.com,0,1,1.0,ml
http://amghrqcgpu.duckdns.org,1,1,0.9963,ml
http://38.209.148.132.host.secureserver.net/opdate.php,1,1,1.0,ml
https://www.catalinaexpress.com,0,1,1.0,ml
https://www.franksglass.com,0,1,1.0,ml
https://www.gridgain.com,0,1,1.0,ml
https://www.hautehouseflower.com,0,1,1.0,ml
http://is.gd/4bo4b8,1,1,1.0,ml
http://www.esandcraic.com,1,1,1.0,ml
https://www.freepr101.com,0,1,0.995,ml
http://panelorange.2waky.com/orange,1,1,0.995,ml
https://www.heroespictures.id,0,1,0.995,ml
https://www.ilotsacre.be,0,1,0.995,ml
https://www.nicole-4-u.de,0,1,0.995,ml
http://www.en.veres-m.hu,1,1,0.995,ml
https://www.learningdisabilitytoday.co.uk,0,1,0.995,ml
https://www.kaneshichishoten.jp,0,1,0.995,ml
https://www.igrejapalmariana.org,0,1,1.0,ml
http://www.kueronekayaeotn.co.jp.kuerocekayacaoto.qxcmrv.top/ai,1,1,1.0,ml
https://www.takenbyalbania.com,0,1,1.0,ml
https://www.npci.org.in/what-we-do/upi/product-overview,0,0,0.01,whitelist
https://www.northcastleny.com,0,1,1.0,ml
http://www.help.purpledaily.com,1,1,0.995,ml
https://www.poetryloverspage.com,0,1,1.0,ml
https://www.armenianmuseum.org,0,1,1.0,ml
https://www.vicicollection.com,0,1,1.0,ml
https://www.endpointprotector.com,0,1,1.0,ml
https://www.flux.utah.edu,0,1,0.995,ml
http://www.ve.qaprm.com,1,1,0.995,ml
http://www.iran-sanna.gq,1,1,0.995,ml
https://www.foleyfoodandwinesociety.com,0,1,0.9977,ml
https://www.stockholm50.global,0,1,0.995,ml
https://www.skyform.eu,0,1,0.995,ml
http://www.a0371219.xsph.ru,1,1,1.0,ml
https://814106.selcdn.ru/teams365/index8.html,1,1,1.0,ml
http://www.yurongshipin.com,1,1,1.0,ml
https://www.pjstagingdecorating.com,0,1,1.0,ml
https://www.cherrymobile.com,0,1,1.0,ml
https://www.quarkexpeditions.com,0,1,1.0,ml
https://page-verify79.firebaseapp.com/,1,1,1.0,ml
http://www.larkbucket.oss-us-west-1.aliyuncs.com,1,1,0.995,ml
https://ipfs.io/ipfs/bafybeiekcocd54a5mnmfc7mlaoetnms4eyd7ekfashyod2jz2cnailceb4,1,1,0.995,ml
https://www.popoloproject.com,0,1,1.0,ml
https://www.phenogen.org,0,1,0.995,ml
https://www.graphheneholidays.com,0,1,1.0,ml
https://www.plavky-pradlo.cz,0,1,0.995,ml
http://www.lasermarc.it,1,1,0.995,ml
https://www.findfestival.com,0,1,1.0,ml
https://www.3seas.eu,0,1,0.995,ml
https://www.ohris.com,0,1,1.0,ml
https://profilrelationdigitalisation.firebaseapp.com/,1,1,1.0,ml
https://www.georgealex.net,0,1,0.995,ml
http://www.ir-shalplak.gq,1,1,0.995,ml
http://www.ftp.applemusic.wikaba.com,1,1,0.995,ml
https://www.bigfoot.com,0,1,1.0,ml
https://www.glorificandoadeus.com.br/admin/bd/botoes/de/de,1,1,0.995,ml
https://www.bolay.com,0,1,1.0,ml
https://www.alpha-sense.com,0,1,1.0,ml
http://www.samiram-mame.ga,1,1,0.995,ml
https://www.customs.gov.sg,0,1,0.995,ml
https://docs.google.com/forms/d/e/1faipqlse_pppzkv1rppkqwcnttkpvx35meb94rruunhijhuua5svvcw/viewform?usp=sf_link,1,0,0.01,whitelist
http://www.solidproxy.net,1,1,1.0,ml
https://github.com/torvalds/linux,0,0,0.01,whitelist
http://www.love.cannca.shop,1,1,0.995,ml
https://www.google.com/search?q=python+tutorial,0,0,0.01,whitelist
https://www.nukeviet.vn,0,1,0.995,ml
https://www.isitbadforyou.com,0,1,1.0,ml
https://www.the-skids.com,0,1,1.0,ml
http://www.sarane-nan.gq,1,1,0.995,ml
https://ipfs.io/ipfs/bafybeibxjxq74xhlyefv4ovc5nuzr5rbtu2tv5uaa2hzhe4qxe3xg2t2tq/bigstuff112.html,1,1,1.0,ml
https://www.xaverian.ac.uk,0,1,0.995,ml
https://www.tsubook.net,0,1,0.995,ml
https://www.phaionline.org,0,1,0.995,ml
https://www.saffronbs.co.uk,0,1,0.995,ml
http://www.nlvk.nowurl.fun,1,1,0.995,ml
https://www.socialwebcafe.tv,0,1,0.995,ml
https://www.palass.org,0,1,1.0,ml
https://www.spps.org,0,1,1.0,ml
http://www.f0504575.xsph.ru,1,1,1.0,ml
https://www.creativeyouthnetwork.org.uk,0,1,0.995,ml
https://onlinecomvocesemprefacilitandolu.ubpages.com/consultar-luiza-online/,1,1,0.995,ml
http://103.21.244.82/sbi/netbanking/login,1,1,0.995,ml
https://www.boulia.qld.gov.au,0,1,0.995,ml
https://www.palmerfuneralhomes.com,0,1,1.0,ml
http://www.yhgrffndvzbtoilmundkmvbaxrjtqsew.com,1,1,0.995,ml
https://www.oxfordarchaeology.com,0,1,1.0,ml
https://www.ontap.pl,0,1,0.9965,ml
https://gateway.pinata.cloud/ipfs/bafybeiboyaek3ag2kvurcl4gy4cntezlavvnoe6rkrg7oj72jtyn3zrlru,1,1,1.0,ml
https://metasupport1001984291455.web.app/,1,1,1.0,ml
https://www.wecosoftware.com,0,1,1.0,ml
https://www.shepeardblood.org,0,1,1.0,ml
https://www.bouygues.com,0,1,1.0,ml
https://apps-accept-ownear1-2023.start.page/,1,1,1.0,ml
https://www.dodgersblueheaven.com,0,1,1.0,ml
https://www.nttr.co.jp,0,1,0.995,ml
https://www.astroscience.com,0,1,1.0,ml
https://e8620582-8a7b-461f-a8bd-f255565d2980.id.repl.co/,1,1,1.0,ml
https://www.jewishpolicycenter.org,0,1,1.0,ml
https://www-info-orico.kilnpay.com/,1,1,0.995,ml
https://www.bzflag.org,0,1,1.0,ml
https://storageapi.fleek.co/0652a24b-c0d4-416b-b85f-2ad34515c5ba-bucket/faktura/europe.html,1,1,1.0,ml
https://www.pinakothek.de,0,1,0.995,ml
https://www.lakecowichangazette.com,0,1,1.0,ml
https://www.auctionexport.com,0,1,1.0,ml
https://www.getpushmonkey.com,0,1,1.0,ml
https://www.janmichl.com,0,1,1.0,ml
https://www.tiswasonline.com,0,1,1.0,ml
https://www.powerpacplus.org,0,1,1.0,ml
https://www.czech-glass-society.cz,0,1,0.995,ml
http://www.bvgtt5.gq,1,1,0.9993,ml
https://www.cigargeeks.com,0,1,1.0,ml
https://www.haydenjames.io,0,1,0.995,ml
https://www.soccerblog.com,0,1,1.0,ml
https://www.travelmallnews.com,0,1,1.0,ml
https://www.pinehills.com,0,1,1.0,ml
https://www.couponsaregreat.net,0,1,1.0,ml
https://my-ts3card-com.4618393.com/?my.ts3card.com/32.eqztxoqpn,1,1,1.0,ml
http://www.shun.ml,1,1,0.995,ml
http://www.yesdeko.com,1,1,1.0,ml
https://www.sstl.co.uk,0,1,0.995,ml
https://www.orataiao.org.nz,0,1,0.995,ml
https://www.jupiterartland.org,0,1,1.0,ml
https://www.nothangryanymore.com,0,1,1.0,ml
https://fb-business-appeal-3f816.web.app/,1,1,1.0,ml
https://www.pressmachine-world.com,0,1,0.995,ml
https://www.vincennes.fr,0,1,0.995,ml
http://www.com.conferencesinfo.com,1,1,0.995,ml
http://apptuts.bio/magalu-158442,1,1,0.995,ml
https://www.kidshomebank.com,0,1,0.995,ml
http://www.bulbulators.com,1,1,1.0,ml
https://which0x006.firebaseapp.com/,1,1,1.0,ml
https://stats.mailingboss.com/lists/,1,1,0.995,ml
https://fb-business-appeal-21855.firebaseapp.com/,1,1,1.0,ml
http://att-yaho-mail.weebly.com/,1,1,1.0,ml
https://www.ginnypix.com,0,1,1.0,ml
https://www.bullitt.org,0,1,1.0,ml
https://www.hollywoodfloristyonkers.com,0,1,1.0,ml
http://www.chmpgrp.com.snocomb.com,1,1,0.995,ml
https://www.chatham-ma.gov,0,1,0.995,ml
https://www.army.mil,0,1,1.0,ml
https://obabanter33.firebaseapp.com/,1,1,1.0,ml
http://www.integrity-roofers.com,1,1,1.0,ml
https://stvfertyk.firebaseapp.com/,1,1,1.0,ml
https://www.filmfestivallife.com,0,1,1.0,ml
http://www.shopmovieproduction.cn,1,1,0.995,ml
https://www.visible-strategies.com,0,1,1.0,ml
https://www.whittlesea.vic.gov.au,0,1,0.995,ml
http://u1965047.plsk.regruhosting.ru/225/,1,1,1.0,ml
https://www.apec.org,0,1,1.0,ml
http://www.christopr.gq,1,1,0.995,ml
https://www.find-ip-address.org,0,1,0.995,ml
https://att-108614.weeblysite.com/,1,1,1.0,ml
http://www.faramovie.ir,1,1,0.995,ml
https://www.radiovisioncuenca.com,0,1,1.0,ml
https://www.mcnabbraeside.com,0,1,1.0,ml
https://www.ottawacountyauditor.org,0,1,1.0,ml
https://www.shemesh.co.il,0,1,0.995,ml
https://www.novalesna.sk,0,1,0.995,ml
https://elfinanciero.org/bitpichincha/?mpc_2=598540262006450&amp;mpc_1=784964pa44p1fc&amp;mpc_3=rfineable.buzz&amp;so=bitpichincha_https%3a%2f%2felfinanciero.org%2fbitpichincha%2f&amp;ai=2958031&amp;altid=ijgyd4oxwgg2&amp;gi=14&amp;oi=116&amp;ci=163&amp;token=eaaojj4czcqwabammiik2arcveqvbd3b3mpxb6qgayud7duhvzcv4f478mqy0u5hfpcubqeyuads9yscwjc1a1clpjjljjzahzcvxpf48gla9zjagy5ejj2zanzck6kp7hrqcaq6hda1iiekv6rnkfgnyo8du1x4423vifdetbgkxinplafemh2zba78zcphrd78zd&amp;ecuador=1&amp;mpc_4=https%3a%2f%2felfinanciero.org%2fbitpichincha%2f&amp;fbclid=iwar1jq1tcamkfyzuo2r6mxill9bpmetsq7q_7soos5qeua7tkt9vzz_gv1j8,1,1,1.0,ml
https://blioouu8-108413.square.site/,1,1,1.0,ml
https://www.thelandonline.com,0,1,1.0,ml
http://www.icici-kyc.web.app,1,1,0.995,ml
https://www.fc-carlzeiss-jena.de,0,1,0.995,ml
https://www.ebarnett.com,0,1,1.0,ml
http://www.ameraiaoexprecs.co.jp.zvdong.cn/,1,1,0.995,ml
https://www.amazing-trekking.com,0,1,1.0,ml
https://www.faconjacmin.com,0,1,1.0,ml
https://sparka-pushtan.com/,1,1,1.0,ml
https://bafybeiev2whg57z2366sfgpois5ilpyabdyd25k7dieosgbjihbrlabx6y.ipfs.cf-ipfs.com/eclsnewweb.html,1,1,1.0,ml
https://effvgh--fgsweq.repl.co/,1,1,0.9974,ml
http://u1892994.cp.regruhosting.ru/,1,1,1.0,ml
https://www.elrodtimber.com,0,1,1.0,ml
https://www.recyclebingo.pt,0,1,0.995,ml
https://www.alachuatemple.com,0,1,1.0,ml
https://www.ingeba.org,0,1,1.0,ml
http://www.vcsczxsa.ga,1,1,0.995,ml
https://www.themiddlewaygroup.org.uk,0,1,0.995,ml
https://www.olive-hitomawashi.com,0,1,0.995,ml
https://092c9c3b-dd9b-441e-a3b5-8ee2d397bdd7.id.repl.co/,1,1,1.0,ml
http://www.anschauen.in,1,1,0.995,ml
https://www.megiordanophotography.com,0,1,1.0,ml
http://www.newshealthsport.com,1,1,1.0,ml
https://www.mot-art-museum.jp,0,1,0.995,ml
http://www.dmoneylife.com,1,1,1.0,ml
http://www.face.urlfb.co,1,1,0.995,ml
https://www.salvatorebattaglia.com.au,0,1,0.995,ml
https://www.co.lucas.oh.us,0,1,0.995,ml
https://www.min-eng.com,0,1,1.0,ml
https://storageapi-stg.fleek.co/6c5e0145-aee9-49fc-9228-08dde84ed78c-bucket/shio/index%20(2).html,1,1,1.0,ml
https://www.erowid.org,0,1,1.0,ml
https://jokemoothong.com/homes/secure/781e3deab7c8110/region.php?particulier,1,1,1.0,ml
http://www.ertyu.com,1,1,1.0,ml
https://www.dowjones.com,0,1,1.0,ml
https://www.lanrestudio.com,0,1,1.0,ml
https://fa9a99c5-b1cf-4d32-9a71-7930793bfc75.id.repl.co,1,1,1.0,ml
http://www.luckipasdretop.ga,1,1,0.995,ml
https://www.tekniskmuseum.no,0,1,0.995,ml
http://www.sieuthiphutungxenang.com,1,1,1.0,ml
https://www.designdirect.io,0,1,0.995,ml
https://bafybeiduqpv4atyohkgxrtyvy5zxxdym552dffpwmvehe27tzaaeddkuya.ipfs.dweb.link/#x@x.com,1,1,1.0,ml
https://www.churchilldowns.com,0,1,1.0,ml
https://www.kwanko.com,0,1,1.0,ml
https://www.disturbed1.com,0,1,0.995,ml
https://www.atuna.com,0,1,1.0,ml
https://www.optv.org,0,1,1.0,ml
https://www.ffwp.org,0,1,1.0,ml
https://www.tecom.marines.mil,0,1,0.995,ml
https://www.nativetimes.com,0,1,1.0,ml
https://www.pbusa.org,0,1,1.0,ml
https://wvvwvzonasengunrabeta.com/index.php,1,1,0.995,ml
https://www.nyprowrestling.com,0,1,1.0,ml
https://secure.login.verify.sbi-netbanking.xyz/dashboard,1,1,0.995,ml
https://www.miamibreastcenter.com,0,1,1.0,ml
https://www.kingice.com,0,1,1.0,ml
https://siddharthface.000webhostapp.com/,1,1,1.0,ml
https://www.gardenspaces.co.uk,0,1,0.995,ml
http://cloudflare-ipfs.com/ipfs/qmqtktcrnwnbhyshlefxf1xzwbswsadz8lrubs4qti8xo5,1,1,1.0,ml
https://www.wom.my,0,1,1.0,ml
https://www.cerego.com,0,1,1.0,ml
https://www.myshelf.app,0,1,1.0,ml
https://www.animalwised.com,0,1,1.0,ml
https://www.unitedstage.se,0,1,0.995,ml
https://www.laintegrativegi.com,0,1,1.0,ml
https://www.u-obd.com,0,1,1.0,ml
https://dev-validardatositaupy.pantheonsite.io/,1,1,0.995,ml
https://www.sotipical.com,0,1,1.0,ml
http://www.demo007.space,1,1,0.995,ml
https://www.irn.ru,0,1,1.0,ml
https://att-management-109735.weeblysite.com/,1,1,1.0,ml
https://www.vipps.no,0,1,0.9999,ml
https://www.jitpack.io,0,1,0.995,ml
https://marjol0k5on.duckdns.org/,1,1,1.0,ml
http://www.hawrang.com,1,1,1.0,ml
https://www.skirlrecords.com,0,1,1.0,ml
https://www.atlantamagazine.com,0,1,1.0,ml
https://www.srchinelo.com.br,0,1,0.995,ml
https://www.fcb-fanclub-hofherrnweiler.de,0,1,0.995,ml
https://www.flsd.uscourts.gov,0,1,0.995,ml
https://www.dgob.de,0,1,1.0,ml
https://www.freofocus.com,0,1,1.0,ml
https://www.star-force.com,0,1,1.0,ml
http://www.dab53527.top,1,1,1.0,ml
https://www.theplayersnyc.org,0,1,1.0,ml
https://www.nazariandiamonds.com,0,1,1.0,ml
https://www.johnsonhouse.org,0,1,1.0,ml
http://www.onlyfann.site,1,1,1.0,ml
http://www.bootstrapcdn.net,1,1,1.0,ml
https://www.saebo.com,0,1,0.995,ml
https://www.juraforum.de,0,1,0.995,ml
https://www.polnes.ac.id,0,1,0.995,ml
https://layoutmidia.com.br/center/seguranca.php,1,1,0.995,ml
https://axonsolution.com/xmrlcp/,1,1,0.995,ml
https://www.natsume.com,0,1,1.0,ml
https://www.scotforge.com,0,1,1.0,ml
https://www.zibma.com,0,1,1.0,ml
http://www.eblaghi-irm.ml,1,1,0.995,ml
https://www.monasterolo-psicologotorino.it,0,1,0.995,ml
https://www.komarna.co.uk,0,1,0.995,ml
https://www.amazon5551.com,1,1,0.995,ml
http://www.feelimagen.com,1,1,1.0,ml
https://www.worldswithoutend.com,0,1,1.0,ml
https://www.kuronekoyamato.co.jp.gfcsz.top/ja,1,1,1.0,ml
http://www.login.vietnamfar.com,1,1,0.995,ml
http://www.qma-bot.ir,1,1,0.995,ml
https://www.rapiro.com,0,1,1.0,ml
https://www.hepco.co.jp,0,1,0.995,ml
https://www.myburc.com,0,1,1.0,ml
https://da2c9a8e-3adb-427e-ab04-c84ab96eee63.id.repl.co/,1,1,1.0,ml
https://www.allegorygallery.com,0,1,1.0,ml
https://www.palestinechronicle.com,0,1,0.995,ml
https://hqxk1el2yu.firebaseapp.com/,1,1,1.0,ml
https://www.gizmobolt.com,0,1,1.0,ml
https://www.lebanonnh.gov,0,1,0.995,ml
https://shorturl.at/msfs7,1,1,0.995,ml
https://att-108920.weeblysite.com/,1,1,1.0,ml
https://www.zadarskilist.hr,0,1,0.995,ml
https://oficialsegundavlalulza.com/,1,1,1.0,ml
https://allegrrolsokldir.woodcswoopnesle.cf/?tranzakt39906,1,1,1.0,ml
https://ssui0-102009-106610.square.site/,1,1,1.0,ml
https://steampubggift.asia/,1,1,1.0,ml
https://project1a-7b9f0.web.app/,1,1,1.0,ml
http://jio-tv.dtvhindi.in,1,1,0.995,ml
http://confirmaciondeproductos.atsnx.com/?i=2,1,1,0.995,ml
https://www.nasjonaleturistveger.no,0,1,0.995,ml
https://www.ohnsorg.de,0,1,0.995,ml
https://www.esthercossiofotografia.es,0,1,0.995,ml
https://www.cbmus.org,0,1,1.0,ml
https://www.coromarmolada.it,0,1,0.995,ml
https://business-confirm-appeal-c7f70.web.app/,1,1,1.0,ml
http://www.eventricity.biz,1,1,0.995,ml
https://dev-homm7678754.pantheonsite.io/,1,1,1.0,ml
https://mingovplvdss.worldrivforreiglich.ga/,1,1,0.995,ml
https://www.mediabeam.com,0,1,1.0,ml
https://www.corp.at,0,1,1.0,ml
http://www.destruktor.sup.pl,1,1,0.995,ml
https://www.bestoninternet.com,0,1,1.0,ml
https://o6498w.webwave.dev/,1,1,1.0,ml
https://www.nawidelcu.pl,0,1,0.995,ml
http://www.app-house.online,1,1,0.995,ml
http://www.zopperfi.com/,1,1,1.0,ml
http://www.mattkoniserver.zaptop.org,1,1,0.995,ml
http://www.a0678326.xsph.ru,1,1,1.0,ml
http://www.u99692u5.bget.ru,1,1,1.0,ml
https://www.detakhukum.com,0,1,1.0,ml
https://www.beantreelearning.com,0,1,1.0,ml
https://www.nmrcnoida.com,0,1,1.0,ml
http://www.sundogsupply.com,1,1,1.0,ml
https://www.sportweek.fr,0,1,0.995,ml
https://www.haarlemmermeermuseum.nl,0,1,0.995,ml
https://www.intechpower.com,0,1,1.0,ml
https://jumptruegallery.000webhostapp.com/download-documents,1,1,1.0,ml
https://www.indygear.com,0,1,1.0,ml
https://www.templefurniture.com,0,1,1.0,ml
http://www.gcwey.pplink.club,1,1,0.995,ml
https://www.ans.edu.ni,0,1,0.995,ml
https://www.museumofthebible.org,0,1,1.0,ml
https://www.cawdorcastle.com,0,1,1.0,ml
https://www.kuerennkayccato-co-jp.kuerennkayccato.xlppzb.top/ai/?authenticated=true&amp;openid/gp/signin/x&amp;i=a&amp;oauth=m&amp;i?ie=utf8&amp;ref_=rhf_custrec_signin17b44efbba44d20ef4b1e2321ff974c0d881feca,1,1,1.0,ml
https://www.prideofindia.co,0,1,0.9991,ml
https://www.koroo.it,0,1,0.9971,ml
https://www.industrialartifacts.net,0,1,1.0,ml
https://www.wideasleepinamerica.com,0,1,1.0,ml
https://reviewdocumen03132023.myportfolio.com/,1,1,1.0,ml
https://www.bellagiolakecomo.com,0,1,1.0,ml
https://apex2go.com/readme/9/7/admin002/rertrghhj/em.html,1,1,0.995,ml
https://www.quantico.marines.mil,0,1,0.995,ml
https://capostae4.web.app/,1,1,0.995,ml
https://www.pepeonsol.com/,1,1,1.0,ml
https://www.tramsa.gr,0,1,0.995,ml
https://www.milwaukeeadmirals.com,0,1,1.0,ml
https://fb-metacase158123700441.firebaseapp.com/,1,1,1.0,ml
https://frenchrj10.wixsite.com/my-site,1,1,1.0,ml
https://www.discipleshistory.org,0,1,1.0,ml
https://www.youandeye.ae,0,1,0.995,ml
https://www.pichinchaenvios.es,0,1,0.995,ml
https://www.mobiledit.com,0,1,1.0,ml
https://www.adesignmedia.com,0,1,1.0,ml
http://www.wtgylzokmsyd.myfw.us,1,1,0.995,ml
https://www.themepunch.com,0,1,1.0,ml
http://www.electrumware.com,1,1,1.0,ml
https://www.vetsportal.com,0,1,1.0,ml
https://www.bloodaxebooks.com,0,1,1.0,ml
https://www.bellavoce.org,0,1,1.0,ml
https://www.bundyiculture.com.au,0,1,0.995,ml
https://laplusbellehistoirique.web.app/,1,1,0.995,ml
https://www.internationalmagic.com,0,1,1.0,ml
https://www.ama-co-zon.jp.5865086.com,1,1,0.995,ml
https://www.softmogul.com,0,1,1.0,ml
http://www.contrid.com,1,1,1.0,ml
https://www.momentos-loveshop.es,0,1,0.995,ml
https://facebook-help-7007412584352707.firebaseapp.com/,1,1,1.0,ml
https://www.watertownsavings.com,0,1,1.0,ml
https://aaawe-3043b.web.app/,1,1,1.0,ml
https://s3.amazonaws.com/appforest_uf/f1674740453143x333155491944869800/docu.html#garyt@pinkstontadd.com,1,1,1.0,ml
https://www.mamm-mdf.ru,0,1,0.995,ml
https://www.bse.co.bw,0,1,0.995,ml
https://www.yourrockbridgeconnection.com,0,1,1.0,ml
https://www.findseaglass.net,0,1,1.0,ml
https://www.thedelite.com,0,1,1.0,ml
https://www.oerproject.com,0,1,1.0,ml
http://smartones.top,1,1,1.0,ml
https://objectstorage.us-phoenix-1.oraclecloud.com/n/axc6aboeh1v1/b/566373834wa45647/o/microsoftonline.htm,1,1,1.0,ml
https://www.virginiacitymt.com,0,1,1.0,ml
https://boom-a.web.app/,1,1,1.0,ml
https://www.myuncleshouse.co.uk,0,1,0.995,ml
http://us-robinhaodlog.gitbook.io/,1,1,0.995,ml
https://www.fitzmuseum.cam.ac.uk,0,1,0.995,ml
http://www.encludemedia.com,1,1,1.0,ml
http://www.karenshealthfoods.com,1,1,1.0,ml
https://ipfs.io/ipfs/bafybeifkzjedon3gsio76zaxs2w6nm7dghqxsl3ikylmrslxj4ic2bwuoy/,1,1,1.0,ml
https://www.yogapod.com,0,1,1.0,ml
https://www.rockman-corner.com,0,1,1.0,ml
http://www.shopeevxs.live/,1,1,0.995,ml
https://swisspost.main.jp/swp/nv6588123/online.php,1,1,0.995,ml
https://www.ivymoda.com,0,1,1.0,ml
https://danielcordoba.com.br//officedrive/coco/index.php,1,1,0.995,ml
https://www.idubaivisa.com,0,1,1.0,ml
https://www.sehiyye.gov.az,0,1,0.995,ml
https://banco.gfhhtjry.repl.co/,1,1,0.995,ml
https://www.vector.co.jp,0,1,0.995,ml
https://www.azd.uscourts.gov,0,1,0.995,ml
https://www.atelierozmoz.be,0,1,0.995,ml
https://www.wineswithattitude.co.uk,0,1,0.995,ml
https://www.mae.co.uk,0,1,0.995,ml
https://www.wyoroad.info,0,1,0.995,ml
http://nbdbangla.com/wp-content/wflogs/me/web/boacpanele/web/login.php,1,1,0.995,ml
https://www.nanotech-now.com,0,1,1.0,ml
https://www.kraftheinzcompany.com,0,1,1.0,ml
https://www.chessvariants.org,0,1,1.0,ml
https://www.wbs.co.jp,0,1,0.995,ml
https://www.oxfamindia.org,0,1,1.0,ml
https://www.bittybowsboutique.com,0,1,1.0,ml
http://www.dd365j.cc,1,1,1.0,ml
http://www.saisoaoard.co.jp.jtij.xyz/,1,1,0.995,ml
https://www.historync.org,0,1,1.0,ml
http://www.otiifafm.net,1,1,1.0,ml
https://www.christels.dk,0,1,0.995,ml
https://www.cookcountynews-herald.com,0,1,0.995,ml
https://www.uni5pay.sr,0,1,0.995,ml
https://uphoeldiologineo.mystrikingly.com/,1,1,0.995,ml
https://mail-service-100960.weeblysite.com/,1,1,1.0,ml
http://www.185hf.com,1,1,1.0,ml
https://gemdieloguo.godaddysites.com/,1,1,1.0,ml
https://ariasina.com/region/caisse-ca.html,1,1,0.995,ml
http://www.xmufemba.cn,1,1,0.995,ml
https://www.santaragione.com,0,1,1.0,ml
https://www.conicyt.cl,0,1,0.995,ml
https://roarfs.com/netcc/index.html,1,1,0.995,ml
http://s950444934.onlinehome.us/,1,1,1.0,ml
https://www.lahabranewroof.com,0,1,1.0,ml
https://www.metrock.jp,0,1,0.995,ml
https://www.hajker.hu,0,1,0.995,ml
https://maildinshaakckjnw625.web.app/,1,1,1.0,ml
https://www.restunited.com,0,1,1.0,ml
https://www.dafclub.nl,0,1,0.995,ml
https://www.lakewoodorganic.com,0,1,0.995,ml
https://www.raghavm.com,0,1,1.0,ml
https://sbi-netbanking-secure.xyz/login,1,1,0.995,ml
https://www.brindleyplace.com,0,1,1.0,ml
https://docs.google.com/presentation/d/e/2pacx-1vtdimu3-gjsvjphe1s8mkkiispgcyzedvv9lebjjqt_3e08cm2pinpoefyuyaxeijt9dtjnm2qt3xyj/pub?start=false&loop=false&delayms=3000,1,0,0.01,whitelist
https://nwkbw-naaaa-aaaal-qbu3a-cai.raw.icp0.io/login.html,1,1,0.995,ml
https://hapvida.app4shark.com.br/,1,1,0.995,ml
https://www.cities.hu,0,1,0.995,ml
https://www.olielo.com,0,1,1.0,ml
https://www.nmz.de,0,1,1.0,ml
https://www.desertfest.co.uk,0,1,0.995,ml
https://www.oldtownschool.org,0,1,1.0,ml
http://www.thecloudnet.org,1,1,1.0,ml
https://att-mail-109399.weeblysite.com/,1,1,1.0,ml
https://www.treefrogbeads.com,0,1,1.0,ml
http://www.xmrv7.sfwewtryhrerwewqretr.com,1,1,0.995,ml
http://www.ttnj.fburl.fun,1,1,0.995,ml
https://pwl3sj.webwave.dev/,1,1,1.0,ml
https://www.bitdefender.com,0,1,1.0,ml
https://www.lowellsun.com,0,1,1.0,ml
https://www.info-turk.be,0,1,0.995,ml
https://www.spisa.nu,0,1,0.995,ml
https://www.bigbasket.com/pc/fruits-vegetables/,0,1,0.995,ml
https://www.tejchauhan.com,0,1,1.0,ml
http://www.khalidh.cf,1,1,0.995,ml
https://owarstmp000005.firebaseapp.com/,1,1,1.0,ml
https://www.rakennuslehti.fi,0,1,0.995,ml
https://www.kohlin.com,0,1,1.0,ml
https://www.getkovri.org,0,1,1.0,ml
https://www.ztr.com,0,1,1.0,ml
https://www.juicegrape.com,0,1,1.0,ml
http://www.compdate.my03.com,1,1,0.995,ml
http://662099311571888xxdazbvqvqyzgkvu.sepa-00980-force-drop.oa.r.appspot.com/?fbclid=iwar0h8tpzozrgcqcn1vynitdojhdrid5anrbq8n37vuuaxv5wsqg5hrmdoam,1,1,1.0,ml
https://bafybeidvnscpg4et53tdvs4iel5cxua2j4ffcjoyupkyymkgjl2rpywxq4.ipfs.dweb.link/,1,1,1.0,ml
https://gospolum.firebaseapp.com/,1,1,1.0,ml
https://www.chloeweil.com,0,1,1.0,ml
https://s77-ujp.firebaseapp.com/,1,1,1.0,ml
https://senioren-in-wangen.de/clienti/it/,1,1,0.995,ml
http://jio.ptm-cart.xyz,1,1,0.995,ml
https://www.toyota.com.cn,0,1,0.995,ml
http://www.creat.welco.live,1,1,0.995,ml
https://www.icaro2000.com,0,1,0.995,ml
https://www.historicaleye.com,0,1,1.0,ml
https://www.bokitfinder.fr,0,1,0.995,ml
http://155.94.163.206/ai/?authenticated=true&amp;openid/gp/signin/x&amp;i=a&amp;oauth=m&amp;i?ie=utf8&amp;ref_=rhf_custrec_signinc5058102889a36900e258c081efbc9a4ddb2241d,1,1,1.0,ml
https://www.itancan.com,0,1,1.0,ml
https://www.phelpscountyfocus.com,0,1,1.0,ml
https://www.era-learn.eu,0,1,0.995,ml
https://www.sfdemocrats.org,0,1,1.0,ml
https://www.rochdaleonline.co.uk,0,1,0.995,ml
https://www.ip-paris.fr,0,1,0.995,ml
https://www.jarzone.com,0,1,1.0,ml
https://www.chosa-kai.jp,0,1,0.995,ml
https://a3h-mkd3d.firebaseapp.com/,1,1,1.0,ml
https://www.uclg-cglu.org,0,1,1.0,ml
https://dev-se-gu-rty-e-bisa-b00.pantheonsite.io/des/index.php,1,1,1.0,ml
http://www.fftpoor.com,1,1,1.0,ml
http://infertilitysolutioncenter.com/,1,1,1.0,ml
https://www.kohrong-sanloem.com,0,1,1.0,ml
https://maildinshaakckjnw272.web.app/,1,1,1.0,ml
https://www.nigelberman.co.uk,0,1,0.995,ml
https://www.sasec.asia,0,1,0.9994,ml
https://www.ci.ramsey.mn.us,0,1,0.995,ml
https://juno-mail-107601.weeblysite.com/,1,1,1.0,ml
https://www.prosim.net,0,1,1.0,ml
http://www.guimant.com,1,1,1.0,ml
https://bancoindustrial8645.saraconor.repl.co/,1,1,1.0,ml
https://www.realmarykingsclose.com,0,1,1.0,ml
http://1742tg053bsinesspgrstrctdrcvry498056.duckdns.org/,1,1,1.0,ml
http://cfex.com.au/survey/load1.php,1,1,0.995,ml
http://www.xinyidaijieru.info,1,1,0.995,ml
http://www.server1.wyeetacs.com.au,1,1,0.995,ml
http://www.doesntexist.org,1,1,1.0,ml
https://www.nostalgiacollect.com,0,1,1.0,ml
https://www.lolaramona.com,0,1,1.0,ml
https://www.ifmaworld.com,0,1,1.0,ml
https://ambrosiasfashion.com/,1,1,1.0,ml
https://www.urjc.es,0,1,1.0,ml
https://www.riverscasino.com,0,1,1.0,ml
https://www.asteroidmission.org,0,1,1.0,ml
https://www.thehour.cn,0,1,0.995,ml
https://renovationfiles0090303.firebaseapp.com/,1,1,1.0,ml
http://myaeclsugs.duckbetog.club/vnafvra97w/?q=3717065149&id=100,1,1,1.0,ml
http://www.vpn2.beeppool.org,1,1,0.995,ml
https://maildinshaakckjnw153.web.app/,1,1,1.0,ml
https://maildinshaakckjnw33.web.app/,1,1,1.0,ml
http://jjhwnauaye.duckdns.org,1,1,0.9986,ml
https://www.akpress.org,0,1,1.0,ml
https://www.americanavalancheassociation.org,0,1,0.999,ml
https://www.show.co,0,1,1.0,ml
https://www.pherobase.com,0,1,1.0,ml
http://www.zelmay.cf,1,1,0.995,ml
http://www.ralestate.mobi,1,1,0.995,ml
https://www.editplus.com,0,1,1.0,ml
https://www.sydneycriminallawyers.com.au,0,1,0.995,ml
https://www.st-georges-academy.org,0,1,0.995,ml
https://olx.94151222.xyz/njvnssp8/gfcton/8,1,1,1.0,ml
https://www.edu-nation.net,0,1,1.0,ml
https://www.weddingwish.com.au,0,1,0.995,ml
https://authsecuritecle.web.app/,1,1,0.995,ml
https://www.pitkincounty.com,0,1,1.0,ml
http://www.k-investigations.com,1,1,1.0,ml
http://www.candasyapi.com,1,1,0.995,ml
https://www.readspeaker.com,0,1,1.0,ml
http://buoeftprli.duckdns.org/,1,1,1.0,ml
https://ipfs.litnet.work/ipfs/bafybeiafxdm5vr62p7xbfs2yivhsfkd5ruztk5ctuhpmpspjomxxp7xybq,1,1,1.0,ml
https://www.qfhs.org.au,0,1,0.995,ml
http://www.saiconsard.co.jp.rhkowp.top/ai/sign.php,1,1,0.995,ml
https://www.medhos.in,0,1,0.995,ml
https://www.out48.com,0,1,1.0,ml
https://www.starbelashop.com.br,0,1,0.995,ml
https://www.espritwellness.com,0,1,1.0,ml
http://at8ta6f45ef8service.yolasite.com/,1,1,1.0,ml
https://www.westernsydneyairport.gov.au,0,1,0.995,ml
https://www.neutralgroundz.com,0,1,1.0,ml
https://www.parks.wa.gov,0,1,0.995,ml
https://www.spamhaus.org,0,1,1.0,ml
https://www.fridakahlo.org,0,1,1.0,ml
https://www.ubersocial.com,0,1,1.0,ml
https://www.yokohamafc.com,0,1,1.0,ml
https://fqvepostles.firebaseapp.com/,1,1,1.0,ml
http://www.lbiz.net,1,1,1.0,ml
https://www.randima.com,0,1,1.0,ml
https://www.radiosrichinmoy.org,0,1,1.0,ml
https://www.co2.earth,0,1,0.995,ml
https://www.therealfynn.co.uk,0,1,0.995,ml
https://www.corriere.it,0,1,0.995,ml
https://www.ubcpress.ca,0,1,0.995,ml
https://www.broadlandmemories.co.uk,0,1,0.995,ml
http://www.eblaghe-snair.gq,1,1,0.995,ml
https://www.jazz2online.com,0,1,0.995,ml
https://www.rayharryhausen.com,0,1,1.0,ml
https://www.advancedindustrialsolutions.com,0,1,0.999,ml
https://www.wilanow-palac.pl,0,1,0.995,ml
https://www.williamwellmanjr.com,0,1,1.0,ml
https://www.cooperorthodontics.com,0,1,1.0,ml
https://www.christravelstheworld.com,0,1,1.0,ml
https://www.vegascreativesoftware.com,0,1,1.0,ml
https://ipfs.eth.aragon.network/ipfs/bafybeie6ca7ijixjhwi6ugzmszldlzrxzvz2j2o3uu7haek7vmctbsjxy4/,1,1,1.0,ml
https://maildinshaakckjnw114.web.app/,1,1,1.0,ml
https://www.thekentkrew.com,0,1,1.0,ml
https://www.suparobo.jp,0,1,0.995,ml
https://www.sebi.gov.in/legal/regulations.html,0,0,0.01,whitelist
https://www.worldpridetoronto.com,0,1,1.0,ml
https://www.shoplovestitch.com,0,1,1.0,ml
https://www.nils.us,0,1,1.0,ml
https://www.saltcorner.com,0,1,1.0,ml
https://www.extremeclothespins.com,0,1,1.0,ml
https://www.xfdpopcorn.com,0,1,1.0,ml
https://www.fortunawelcome.com,0,1,1.0,ml
https://www.coca-cola.ee,0,1,0.995,ml
https://www.sla.org,0,1,1.0,ml
https://www.wolfram-media.com,0,1,1.0,ml
https://shich6gyg.firebaseapp.com/,1,1,1.0,ml
https://www.paralympics.com,0,1,1.0,ml
http://www.anketkurumsal.xyz,1,1,1.0,ml
https://www.purebhakti.com,0,1,1.0,ml
https://www.lathermore.com,0,1,1.0,ml
https://www.gmtoday.com,0,1,1.0,ml
https://www.fundacioncyd.org,0,1,1.0,ml
https://www.balesandwich.com,0,1,1.0,ml
https://www.progressive-area.com,0,1,1.0,ml
http://email-service-update-106647.weeblysite.com/,1,1,1.0,ml
https://www.indoclubbing.com,0,1,1.0,ml
https://www.nga.gov,0,1,0.995,ml
http://www.ljd.csqoy.com,1,1,0.995,ml
https://www.hcgoncology.com,0,1,1.0,ml
https://s.amesecen-jp.icu/,1,1,0.995,ml
http://www.xsites-dev.xyz,1,1,1.0,ml
http://www.lsp-pey.cf,1,1,1.0,ml
https://www.stenaline.co.uk,0,1,0.995,ml
http://www.a0669572.xsph.ru,1,1,1.0,ml
https://www.e-epih.org,0,1,1.0,ml
https://sparkling-rain-1498.6bwdbshv.workers.dev/no%20url,1,1,1.0,ml
https://www.youngskitchenoh.com,0,1,1.0,ml
https://www.juponetmacaron.fr,0,1,0.995,ml
https://fullupdt-dpdgroup.azurewebsites.net/chiwhsd.html,1,1,0.995,ml
https://www.leanoutmethod.com,0,1,1.0,ml
https://www.officielebekendmakingen.nl,0,1,0.995,ml
http://www.reokart.co.uk/wet/wt/wt/sign-in/,1,1,0.995,ml
https://www.dinoriese.com,0,1,1.0,ml
http://www.photobattle.ru,1,1,0.995,ml
https://www.blueoregon.com,0,1,1.0,ml
https://beta.omshivshakti.in/wp-wp/vystarcu/vystarcu.org_/index.php,1,1,0.995,ml
http://www.thevirtualeventsheroes.com,1,1,1.0,ml
https://arubahost.it.sell.20-57-10-180.cprapid.com/it/and/fatturazione-3/index.php?page,1,1,1.0,ml
https://www.laanimalservices.com,0,1,1.0,ml
https://www.boyntonbeachdentist.net,0,1,1.0,ml
https://www.ch-valence.fr,0,1,0.995,ml
http://www.ecorarte.com,1,1,1.0,ml
https://www.redlasso.com,0,1,1.0,ml
https://www.masella.com,0,1,1.0,ml
https://sites.google.com/view/hccwc/home,1,0,0.01,whitelist
https://www.tout-monde.com,0,1,1.0,ml
https://www.siseministeerium.ee,0,1,0.995,ml
https://currentlyatt9.wixsite.com/yahoo,1,1,1.0,ml
https://www.sportique.com,0,1,1.0,ml
https://www.kristenwestlake.net,0,1,1.0,ml
https://link-internal-sistema-sicuro-supporto.cfolks.pl/bper-sicuro/application/mobile/public/webapp/digital-login/area-riservata.php,1,1,0.995,ml
https://www.contact-emails.com,0,1,1.0,ml
https://www.saint-eustache.org,0,1,1.0,ml
https://www.pds.gov.cn,0,1,0.995,ml
https://5678765678.5678987654.repl.co/,1,1,1.0,ml
http://www.bitsshare.com,1,1,1.0,ml
https://www.richersounds.com,0,1,1.0,ml
http://www.wendyc.cf,1,1,0.995,ml
https://www.maranalocksmith.net,0,1,1.0,ml
http://swapcakes.org,1,1,1.0,ml
https://www.continental-automotive.com,0,1,0.995,ml
http://www.pepeglass.com,1,1,1.0,ml
https://miyah-ef9f.serv-0etwork.workers.dev/,1,1,1.0,ml
http://www.bit-uk.ga,1,1,1.0,ml
https://www.calabasasgolf.com,0,1,1.0,ml
https://yzruumziposjrwu11.z20.web.core.windows.net/,1,1,1.0,ml
https://cloudflare-ipfs.com/ipfs/bafybeiewh3pj7xqg6zmcrqggwmmcqw2bd2zlo5c264ojgtvu6xhh27jpha/,1,1,1.0,ml
https://www.whatcomcounty.us,0,1,0.995,ml
http://www.knitgeek.com,1,1,1.0,ml
http://www.trickip.net,1,1,1.0,ml
https://www.oxblue.com,0,1,1.0,ml
https://www.lesliemorgansteiner.com,0,1,1.0,ml
https://www.sensornotes.com,0,1,1.0,ml
http://www.robphish.xyz,1,1,1.0,ml
https://gateway.pinata.cloud/ipfs/bafybeif2impilnt4yi232ipx57lyumvdg5hoqr3njiikgq6qxqgxx4smeu,1,1,1.0,ml
http://www.greatleonidas.com,1,1,1.0,ml
http://www.qpragpmmbglnkk.in,1,1,0.995,ml
http://www.2waky.com,1,1,1.0,ml
https://www.simonshieldcars.co.uk,0,1,0.995,ml
https://www.d-jolly.com,0,1,1.0,ml
https://www.ekaterinajeans.ru/alegrospolish/4,1,1,0.995,ml
https://www.tomhampton.com,0,1,1.0,ml
http://www.mcafee-upgrade.com,1,1,1.0,ml
https://www.thisnthatmfg.ca,0,1,0.995,ml
https://maildinshaakckjnw402.web.app/,1,1,1.0,ml
https://www.wcb.ab.ca,0,1,0.995,ml
http://www.juegosdigitales24horas.com/sfnotice/globalsources/index2.php?email,1,1,1.0,ml
https://www.niktell.com,1,1,0.995,ml
http://www.patjam.com,1,1,0.995,ml
https://www.icanw.org,0,1,1.0,ml
https://brawny-heady-marshmallow.glitch.me/ghtvb.html#redacted@abuse.ionos.com,1,1,0.995,ml
https://www.brivannaboutique.com,0,1,1.0,ml
https://fvws90.webwave.dev/,1,1,1.0,ml
https://www.siirtolapuutarhaliitto.fi,0,1,0.995,ml
http://chaincoin.epizy.com,1,1,0.995,ml
http://www.gstfranchisecenter.com,1,1,1.0,ml
https://www.breakingdads.com,0,1,1.0,ml
https://ipfs.io/ipfs/qmrenjzldojvkjceyumtaaxm6udnlc1bdnj7f4rjlm4lqv/connect.html,1,1,1.0,ml
https://www.prettyrealblog.com,0,1,1.0,ml
https://www.raffaellodigitale.it,0,1,0.995,ml
https://www.xinshuru.com,0,1,1.0,ml
https://www.iltempo.it,0,1,0.995,ml
https://www.esof.eu,0,1,1.0,ml
https://www.trochtasflowers.com,0,1,1.0,ml
https://www.tridindia.co.in,0,1,0.995,ml
https://www.huntingact.org,0,1,1.0,ml
https://www.veal.org,0,1,1.0,ml
https://www.eartothegroundmusic.co,0,1,0.995,ml
https://www.lonestarspirits.org,0,1,1.0,ml
https://espkt.info/de/home/login-online-banking.html,1,1,0.995,ml
https://bafybeictnktz5z7dyy5vxe2vxjdzlzrvaflgnwdzjgwqqpjafdcor3ed64.ipfs.dweb.link/,1,1,1.0,ml
http://www.sellincrack.com,1,1,1.0,ml
https://www.studio55.fi,0,1,0.995,ml
http://www.nsatcdns.com,1,1,1.0,ml
https://www.yok.gov.tr,0,1,0.995,ml
https://www.stampprinters.info,0,1,0.995,ml
http://www.aloha.support,1,1,0.995,ml
https://autumn-meadow-61a4.reboye92376587.workers.dev/,1,1,1.0,ml
http://www.neginkavir.com,1,1,1.0,ml
http://www.sa.gp,1,1,1.0,ml
https://yaxrfu.onedrive0001.workers.dev/,1,1,1.0,ml
