url,label
airtelconnect.in,1
airtel8k.xyz,1
iciccbevk.shop/in,1
icicireward.com,1
applyonline-sarvise.online,1
rewardicici.com,1
81a8e64d-58d2-4d79-aff3-19ac624b530b-00-1nhchjvgh7knk.sisko.replit.dev,1
airtelstream.in,1
airtel-quickrecharge.world,1
airtelpay.world,1
airtel-merchants.shop,1
airteldataloan.in,1
airtelmerchnats.net,1
airtelhd.biz,1
airtelrdc.shop,1
airtel.cloud,1
airtelspacex.in,1
airtelrechargeplan.com,1
airtelericsson.in,1
airtele.xyz,1
airtel-5g.top,1
airtelwifi.in,1
airtelmerchants.in,1
airtel.website,1
airteldtd.in,1
airtelstore.co.in,1
airtelconnect.com,1
bhartiairtel.online,1
bhartiairtel.live,1
airtel.org.in,1
airtelretailer.in,1
airtelinfotel.in,1
airteliqmail.in,1
airteliqalerts.in,1
airtel-ug.info,1
airtel-5g.net,1
airtel-merchant.co.in,1
airtel121.in,1
bhartiairtelnet.in,1
airtel.firm.in,1
airtellink.com,1
airtelstarlinks.in,1
airtelstarlink.org,1
airtel-broadband-plans-near-you.sbs,1
airtel-broadband-plans.today,1
airtel-ericsson.com,1
airtelmerchnat.co.in,1
airtel-5gg.top,1
airtelpayment.online,1
airtel.exchange,1
postpaidairtel.in,1
airtel-merchants.net,1
airtelcare.net,1
airtelapp.xyz,1
airtelprize.in,1
bankofbaroda0.co.in,1
bankofbarodaa.co.in,1
thebankofbaroda.in,1
1bankofbaroda.co.in,1
bankofbarodaworld.co.in,1
bankofbarodafin.in,1
bankofbarodabank.in,1
airtel-merchants.services,1
airtelonebroadband.top,1
airtelvb.top,1
bhartiairtelfoundation.co.in,1
airtelxtreamonline.in,1
airtelairfiber.in,1
bhartairtel.co.in,1
airtelxtream.co.in,1
airtelfiber.in,1
error404.remgoerrocount.xyz,1
www.service.findapi.info,1
verificagovv.xyz,1
birth.giantechnical.in,1
www.acadmey.mange.project.indaxs.in,1
www.dc.crsorgi.gov.in.web.index.php.apnaqafila.shop,1
www.dc.crsorgi.gov.in.verifycertificate.shop,1
csrorgi-gov.shop,1
janma-mrityutathya.shop,1
crsorgi-gov.xyz,1
crsor-go.shop,1
dc.crsorgi.gov.in.crs.vievvcert.info,1
dc.crsorge.in,1
crsverifycertificate.in,1
dc-crsorgi-gov.site,1
bankofbarodarewa.co.in,1
adharprint.dccrsorgi-govv.live,1
crsorginewindex.store,1
verifycertificate.cloud,1
dc.crsorgi.gov.in.viewcard.in,1
dc.birth.dccrsorgi-govv.live,1
dcrsorgi.store,1
dc.crsorgi.gov.in.adverify.in,1
crsorgi.gov.in.verifycertificate.shop,1
dc.pgoneindia.shop,1
dc.crsorgi.gov.in.tech-site.info,1
dc.crsorgi.gov.in.index-view.shop,1
dc.crsorgi.gov.in.webi.ltd,1
my.babaprint1.xyz,1
dc.crsorgi.govi.ltd,1
onlineservice.shop,1
dc.crsorgi.gov.in.verifyc.xyz,1
www.birth.ypuclportala.xyz,1
dc.crsorgi.gov.logln.in,1
dc.crs-orgi.com,1
crsorgiportal.com,1
crsgovbirth.xyz,1
dccrsorgigov-in.in,1
crsorgigovbirth.info,1
crsorgigob.xyz,1
crsgov.click,1
ucl.dccrsorgi-govv.live,1
rtps.dccrsorgi-govv.live,1
passportt.dccrsorgi-govv.live,1
dc.crsorgi.gov.in.crovimng.online,1
crsorgi.gov.in.web.index.php.viewcard.in,1
crsorgi.gov.in.w.viewcard.in,1
crsorgi.gov.in.viewcard.in,1
crs.verifycertificatecrs.live,1
dccrsorgi-govv.live,1
www.dc.crsorgi.gov.in.web.dc-crsorgi.shop,1
www.dc.crsorgi.gov.in.verifyinfo.xyz,1
dc.crsorgi-gov.xyz,1
dccrsorgigovinverficrs.in,1
dc-crsorgi.co.in,1
dc-crsorgi-gov.xyz,1
crsorgi-gov-in.store,1
dccrsorgi.shop,1
dc-crsorgive-gov.xyz,1
dc-crsorgi-gov.shop,1
dc-crs-org-gov.xyz,1
crsorg.xyz,1
yashcrsportal.site,1
www.dc.crsorgi.gov.in.index.viewscrit.org,1
dc.crsorgi.gov.in.web.php.lndax.xyz,1
dc.crsorgi.gov.in.web.lndax.xyz,1
dc.crsorgi.gov.in.pgoneindia.shop,1
crsorgi.gov.in.govi.ltd,1
deluxonlineservice.shop,1
dc.crsorgi.gov.in.techdc.shop,1
dc.crsorgi.gov.in.crs.verifycertificate.org,1
dc.crsorgi.gov.in.verifycertificate.fun,1
dc.crsorgi-gov.live,1
dc-verifycertificate.org.in,1
crsorgi-birh.in,1
dccrsorgigovin.website,1
dccrsorgionline.in,1
crsorgi-gout.in,1
crsorg-dccertificate.sbs,1
dcinfinityorg.site,1
crsapi.cloud,1
crsorgibirth.shop,1
dc-crsorg.in,1
crsorgi-gvo.tech,1
crsorgigov.xyz,1
crsorgin.fun,1
crsorgigovdc.shop,1
dccrsorg.xyz,1
dccrsorgi.in,1
dccrsorgi-gov-in.today,1
dccrsorgi-gov-in.shop,1
crsorgi.net,1
www.dc.crsorgi.gov.in.indxn.xyz,1
www.dc.crsorgi.gov.in.crs.xpsdigi.solutions,1
dcc.crsorgi.gov.in.viewall.in,1
dc.crsorgi.gov.in.web.phpii.site,1
crseoigov.online,1
crcorgi-gov.online,1
crsroigov.online,1
crsorgov.com,1
crsorgi-in.org,1
crs-orgi-govment.online,1
crsorgi-gov-in.digital,1
crsorgigovi.shop,1
crsorgi-goverment.online,1
crsorgigove.shop,1
crsorgigove.fun,1
crsorgigov.cloud,1
crsorggi.xyz,1
crsapi.xyz,1
crsapi.vip,1
crs-api.com,1
crsorgigovin.online,1
crsorgigovi.store,1
crsorgigovein.website,1
crsorgigov.org,1
crsorgi--gov.live,1
crsorgiegov.com,1
crsorgiclick.cloud,1
crsorgib-gov.xyz,1
crsorggov.tech,1
crsorg-gov.life,1
crsorg.space,1
crsgovlive.xyz,1
crsgoviiorg.site,1
crsgovi.tech,1
crsgovgov.online,1
crsergov.online,1
dc-crsorg.co.in,1
csrogir-gov.online,1
crsorgs.in,1
crsorgiisite.co.in,1
crsorgii.in,1
crsorgi-gov1.in,1
crsorgi.org.in,1
crsorgi.info,1
dccrsorgi-gov-in.live,1
dccrsorggovin.xyz,1
dccrsorggov.xyz,1
dc-crsorgi.online,1
dc-crsorgi-gov-in.info,1
crsorgovin.org,1
crsorginet.site,1
crsorgii.online,1
crsorgovs.in,1
crsorgigovs.co.in,1
crsgov-co.in,1
acscrsorgi.in,1
crsorgi-gov-in-viawcert.site,1
crsorgi-gov-in-index-web.shop,1
crsorgigoov.info,1
crsgov-in.shop,1
rgdccrsorgi.xyz,1
dccrsorgi.live,1
crsorgio.online,1
crsorgigovt.xyz,1
crsorgi-gov-in-web.online,1
crsorgi-gov-in.buzz,1
crsorgigoovi.live,1
dccrsorgg.in,1
crsorg.fun,1
crsorgi-gov-in-index.site,1
dccrsorgigoov.in,1
dc-crsorgii-goiv.in,1
dc-crsorgii-gov.online,1
crsorgigov-in.online,1
crsorgi-gov-in.live,1
verifycertificatecrs.live,1
workfast.in,1
inbex.info,1
dcindex.xyz,1
auths.info,1
crsgovorg.in,1
crsorgi-gov-in-index.online,1
crsorggi.co.in,1
dccrsorgi.co.in,1
crsorgig.org.in,1
crsorgi-gov.online,1
crsorgie.org.in,1
crsorgi-gov-xyz.in,1
dc-crsorgi-gov.online,1
crsorgonline.xyz,1
crsorgigov-certificate.xyz,1
crsorg.buzz,1
crsorgigovv.xyz,1
dccrsorgigov.shop,1
dccrsorggovrk.xyz,1
crsorgi-gove.shop,1
crsorgonlinebirthdeth.in,1
crsorgiio.store,1
csrorgi.info,1
crsorgigo.site,1
crsorgi-govs.in,1
www.dcr.crsorgi.gov.in.viewall.in,1
www.dc.crsorgi.gov.in.sevamaster.shop,1
ww25.crsorgi.gov.in.bdvr.co,1
ww25.cpanel.crsorgi.gov.in.index.php.recidenceup.xyz,1
mail.dc.crsorgi.gov.in.web.phpii.site,1
dc.crsorgi.gov.in.lndex.pl,1
dc.crsorgi.gov-in.live,1
dc-crsorgi-gov-in.ja-ai.shop,1
acadmey.mange.project.indaxs.in,1
crsogi-gov-in.website,1
dc-crsorgii-gov.xyz,1
dc-crsorgie-gov.xyz,1
crsorgii.store,1
crsgovernment.tech,1
dc-crsorgi-in.site,1
hdfcvg.com,1
hdfc-home-loan-538066002.today,1
myhdfc.in,1
hdfcrewardz.in,1
hdfcbd.com,1
hdfcbanks.live,1
hdfcbank.city,1
hdfcbank.red,1
hdrewardcard.com,1
hdfcardcare.com,1
myhdfccard.com,1
hdfcbanklogin.com,1
hdfcl.in,1
crsorgii-govi.in,1
crsorgigoov.co.in,1
crsorgidc.co.in,1
h-11av.firebaseapp.com,1
hd15-nmh1.firebaseapp.com,1
ewew-b4d13.firebaseapp.com,1
hd5h-mk5.firebaseapp.com,1
hd09-fc98.firebaseapp.com,1
hd23-df3.firebaseapp.com,1
hdfc-bank.cfd,1
hdfcsif.in,1
hdfc-sif.in,1
hdfc-bank-internet-banking.cfd,1
hdfcsupport.info,1
hdfc-home-336577138.click,1
hdfc-home-253888985.click,1
hdfccredilaloan.net,1
hdfcbank.services,1
hdfcsec.co.in,1
hdfcbank.app,1
hdfc-bank.in,1
ahdfcy.com,1
hdfcmfsipsaheli.in,1
hdfcpay.in,1
hdfcalerts.in,1
hdfcbankabslitraining.in,1
hdfcmutualfunds.co.in,1
hdfcmutualfund.co.in,1
hdfcbankdinersclub.in,1
hdfcbankvyapar.com,1
hdfccapital.net,1
hd2-fy.firebaseapp.com,1
hd-1fa.firebaseapp.com,1
bfse-5378c.firebaseapp.com,1
hdiy-3a.firebaseapp.com,1
hdfcbank.furniture,1
hdfcbank.florist,1
hdfcbank.directory,1
hdfcbank.construction,1
hdfcbank.cheap,1
hdfcbank.chat,1
hdfcbank.cash,1
hdfcbank.buzz,1
hdfcbank.business,1
hdfcbank.black,1
hdfcbank.bingo,1
hdfcbank.bet,1
hdfcbank.sale,1
hdfcbank.science,1
hdfcbank.pink,1
hdfcbank.ninja,1
hdfcbank.delivery,1
hdfcbank.clinic,1
hdfcbank.events,1
hdfcbank.computer,1
hdfcbank.coach,1
hdfcbank.live,1
hdfcbank.engineer,1
hdfcbank.contact,1
hdfcbank.careers,1
hdfcbank.camp,1
hdfcbank.news,1
hdfcbank.marketing,1
hdfcbank.institute,1
hdfcbank.industries,1
hdfcbank.golf,1
hdfcbank.gifts,1
hdfcorg.co.in,1
hdfcsecurities.in,1
hdfcbankfinance.net,1
hdfcbank-ypb.in,1
hdfcbank.school,1
hdfcbank.pizza,1
hdfcbank.party,1
hdfcbank.singles,1
hdfcbank.solar,1
hdfcbank.media,1
hdfcbank.markets,1
hdfcbank.kaufen,1
hdfcbank.irish,1
hdfcbank.fund,1
hdfcbank.football,1
hdfcbank.faith,1
thehdfc.in,1
thehdfc.net.in,1
thehdfc.co.in,1
alerts-hdfcbank.net,1
hdfcm.com,1
hdfc.net.in,1
hdfcbank.store,1
hdfc-loans.in,1
hdfcco.co.in,1
hdfc-banking.co.in,1
hdfcbankinfo.co.in,1
hdfc-story.xyz,1
hdfconline.co.in,1
hdfcbank.today,1
hdfcai.net,1
yyhdfcci.shop,1
hdfcbwnk.com,1
hdfcbsnk.com,1
hdfcbanl.com,1
hdfcbanki.com,1
hdfcbank.uk,1
hdfcbank.ltd,1
hdfcbani.com,1
hdfcbak.com,1
hdfbank.com,1
hdfcbank.support,1
hdfcbank.games,1
dchdfcbank.com,1
hdfcpolicy.in,1
hdfcbanknet.info,1
hdfcbank.poker,1
hffcbank.com,1
hdfcergorenewal.in,1
hdfc.com.in,1
hdfccareer.in,1
hdfcbank.netportall.com,1
hdfchousingfinance.com,1
hdfcsales.info,1
hdfcretail.in,1
hdfcodes.site,1
mycardhdfc.in,1
loginhdfc.in,1
hdfcsa1es.co.in,1
hdfcbankltd.in,1
hdfc.ind.in,1
hdfcbankonline.in,1
hdfcergopolicyrenewalinsurances.in,1
hdfcnank.com,1
hdsxd1.firebaseapp.com/f1,1
hdx6-hdr6.firebaseapp.com,1
sks08-akwo22.firebaseapp.com,1
hcfc-b6a51.firebaseapp.com,1
whsh01-ksj18.firebaseapp.com,1
hd94-fc67.firebaseapp.com,1
hdfc-bonus.cfd,1
xhdfc.com,1
workonlinehdfcbank.com,1
hdfcergoinsurancerenewal.in,1
hdfcbanking.org,1
hdfcincrase.today,1
hdfcbankcreditcard.in,1
hdfcbankloan.in,1
myaccounthdfclife.co.in,1
hdfcsecurities.co.in,1
hd6-ms6d.firebaseapp.com/f1,1
hd8r-mkfd8s.firebaseapp.com,1
hd4w-kfd4.firebaseapp.com,1
hd-mkf24.firebaseapp.com/f1,1
hbcd-f016c.firebaseapp.com/f1,1
hd1-mkd1.firebaseapp.com/f1,1
hd2a-mkae2.firebaseapp.com/f1,1
hd1-mka1.firebaseapp.com/f1,1
jsjjs09-d097e.firebaseapp.com/f1,1
hdec-f13ed.firebaseapp.com/f1,1
hd3s-kour4.firebaseapp.com/f1,1
hd4s-kp4d.firebaseapp.com/f1,1
hd21-mkw1.firebaseapp.com/f1,1
hd22-mu2x.firebaseapp.com/f1,1
hd31-md1.firebaseapp.com/f1,1
hda18-ms1.firebaseapp.com,1
kilik-eb4d5.firebaseapp.com,1
hgjk-7354f.firebaseapp.com,1
dfkjd-b7601.firebaseapp.com,1
nmcv-5cc34.firebaseapp.com,1
ljhy-128fd.firebaseapp.com,1
awsz-81822.firebaseapp.com,1
yuhh-b49cd.firebaseapp.com,1
hyt-1fa.firebaseapp.com/ka,1
hdasw-44086.firebaseapp.com,1
hd-1wi.firebaseapp.com/ka,1
aaaqq-89cae.firebaseapp.com,1
trde-bef50.firebaseapp.com,1
hxz-55yt.firebaseapp.com,1
hd3-md3x.firebaseapp.com/f1,1
hd4-mfh4d.firebaseapp.com/f1,1
hdfcergorenewhealthinsurancepolicy.in,1
hdfcergoinsurancerenewpolicy.in,1
rane-1d1ee.firebaseapp.com/h,1
dfg-kmn.firebaseapp.com/a,1
hd-ujfc1.firebaseapp.com,1
shya-pjt9.firebaseapp.com,1
ukfr-c5da9.firebaseapp.com,1
radhe--jai.firebaseapp.com,1
jai-amma.firebaseapp.com,1
dfkdd-b3641.firebaseapp.com,1
erwe-3b3d0.firebaseapp.com,1
ewkw-a4ef1.firebaseapp.com,1
fyyu-3f1de.firebaseapp.com,1
fekjre-df4e4.firebaseapp.com,1
mnjde-b2973.firebaseapp.com,1
dfjf-b29b1.firebaseapp.com,1
icicibank-coin.buzz,1
icicibctk.icu,1
country3.icicibank.adobecqms.net,1
icicilogin.com,1
icici-india.com,1
loginicici.com,1
el-hdfclife.co.in,1
hdfclife-el.in,1
el-hdfclife.in,1
hdfcergopolicyrenewalinsurance.in,1
hdfcergorenewalpolicy.in,1
hdfcergorenewinsurancehere.in,1
hdfcergopolicyrenewinsurances.in,1
hdfcergopolicyrenewhere.in,1
hdfcergogeneralhealthinsurance.in,1
hdfcergohealthinsurancerenewyourpolicyhere.in,1
icicibasnk.com,1
icicibanc.com,1
icicibajnk.com,1
icicibahnk.com,1
country1.icicibank.adobecqms.net,1
imobileservices.online,1
icici-paylink.xyz,1
icici-paylink.cfd,1
icici-paypoints.sbs,1
icici-paypoints.cfd,1
icici-paypoint.top,1
icici-paypoint.sbs,1
icici-paypoint.cfd,1
icicibank-nwnb.top,1
icicincion.top,1
icicibank-coin.top,1
icicibank.website,1
icicibank.online,1
iciciback.top,1
icicib.co.in,1
icici-paylink.sbs,1
icicicarloans.in,1
icicichest.in,1
icici-game.in,1
icicicoins.sbs,1
iciciinfor.website,1
icicibank.tech,1
icicifin.in,1
icicidirectfin.in,1
icicicardapp.co.in,1
iciciappstore.in,1
icicibamnk.com,1
imobile.services,1
icicimua520.xyz,1
icici.xyz,1
points-icici.xyz,1
points-icici.top,1
points-icici.click,1
points-icici.cfd,1
icicibankpersonalloan.xyz,1
icicibankcareer.xyz,1
icici.homes,1
iciciibank.top,1
icicibxsrk.shop,1
icicibxsek.shop,1
icicibxsak.shop,1
icicibxek.shop,1
icicibazk.top,1
icicibankstatement.co.in,1
icici-bank.org.in,1
mycardicici.co.in,1
iciciapp.in,1
icicicard.xyz,1
icicipruamc.in,1
mycardicici.in,1
icicicreditcards.in,1
icicipruamc.co.in,1
icicirewardstore.in,1
icicibak.com,1
icicirewardspro.in,1
icicibanka.sbs,1
iciciibank.vip,1
icicillbank.vip,1
icicilbank.vip,1
icicidemat.co.in,1
icicico.in,1
icicidemafinance.in,1
infoicicibank.xyz,1
icicibank.florist,1
icicibank.chat,1
icici.direct,1
icicibank.buzz,1
icicibank.boutique,1
icicibank.auction,1
icicisavingsreward.net,1
icicimyrewards.net,1
icicibankcarrers.in,1
cardiciciapply.co.in,1
iciciicard.in,1
iciciapp.co.in,1
icicibank.homes,1
icicibank.hockey,1
icicibank.group,1
icicibank.golf,1
icicibank.global,1
icicibank.gifts,1
icicibank.furniture,1
icicibank.football,1
icicibank.events,1
icicibank.engineer,1
icicibank.download,1
icicibank.college,1
icicibank.bond,1
icicibank.bingo,1
theicici.co.in,1
icici-demat-168169687.click,1
icicibank.team,1
icicibank.taxi,1
icicibank.studio,1
icicibank.solar,1
icicibank.sale,1
icicibank.run,1
icicibank.rentals,1
icicibank.men,1
icicibank.media,1
icicibank.singles,1
icicibank.sbs,1
icicibank.plumbing,1
icicibank.mba,1
icicibank.kaufen,1
icicibank.institute,1
icicibank.industries,1
icicidirect.shop,1
icici.cash,1
icicibank.poker,1
iicicibank.com,1
icicipank.com,1
icicibannk.com,1
icicibank.live,1
icicibanj.com,1
icicbank.com,1
icici.today,1
icicibamk.com,1
icicibank.zone,1
icicibank.works,1
icicibank.voyage,1
icicibank.vin,1
icicibank.tools,1
icicicreditcard.com,1
icicibank.ind.in,1
icicispor.in,1
iciciprolife.com,1
licicibank.com,1
iciciubank.com,1
icicikbank.com,1
icicibwnk.com,1
icicibvank.com,1
icici-services.co.in,1
icicistoreapp.in,1
rewardicicimobile.in,1
icicinetbanking.in,1
iciciloan.ltd,1
iciciamc.in,1
icicidirect.website,1
icici-linkpoint.click,1
icici-linkpoint.cfd,1
icicibzak.shop,1
icicibank-in.homes,1
icicibank-coin.cfd,1
icicisecurities.org.in,1
icici-direct.in,1
icici-bank.sbs,1
icicipru-amc.in,1
icicipru.in,1
icici-direct.info,1
icicistoreapp.co.in,1
icici.online,1
theicicirwd.co.in,1
icicifastag.in,1
icicifastag.co.in,1
iocl.app,1
ioclsja.icu,1
indianiocl.top,1
tpilpgiocl.in,1
ioclinfo.in,1
iciciprulife-online.co.in,1
icicilombard.xxx,1
icicibank.xyz,1
icicilbank.cfd,1
icicibankbg.sbs,1
icicibankbg.cfd,1
0613iconnect.online,1
iciciinbank.cfd,1
icici-linkpoint.xyz,1
icici-linkpoint.top,1
icici-linkpoint.lol,1
ioclgwag.top,1
ioclsywt.top,1
iocllumding.co.in,1
ioclsgwfg.top,1
ioclywts.top,1
ioclxgsw.top,1
ioclsptrwa.top,1
ioclsiuy.top,1
ioclshwsg.top,1
ioclshwhx.top,1
ioclshwg.top,1
ioclshwe.top,1
ioclpwts.top,1
iocllinp.top,1
ioclghfd.top,1
iocllpg.in,1
kavach-ai.in,1
kavachrail.in,1
kavachsafety.in,1
inludi.cyou,1
aeludi.cyou,1
irctc.ind.in,1
irctc.corover.ai,1
ioclapply.net,1
iiocl.com,1
i8cl.com,1
iocliurz.fun,1
ioclindn.icu,1
ioclhgtx.top,1
ioclapply.co.in,1
indianioclpts.top,1
ioclshywtas.top,1
kavach.biz,1
kavach360.in,1
emailindia.in,1
email.gov.in.modindia.link,1
email.gov.in.indiangov.site,1
email.gov.in.departmentofspace.info,1
email.gov.in.departmentofdefence.de,1
email.gov.in.defenceindia.ltd,1
email.gov.in.briefcases.email,1
email.gov.in.avtzyu.store,1
zohidsindia.com/random/auth.php,1
email.gov.in.drdosurvey.info,1
twilight-glade-76955.pktriot.net,1
email-govs.click,1
kavachonline.in,1
rudrakavach.in,1
nicmail.top,1
nic-tech.top,1
kavachh.co.in,1
gov-email.com,1
nic-mails.in,1
nicemail.in,1
email-govs.in,1
nic-in.net,1
email-info.xyz,1
email-info.dev,1
email.gov.in.mygov.pw,1
email.gov.in.leadadmin.in,1
email.gov.in.ihws.co.in,1
email.gov.in.gov.in.ihws.co.in,1
accounts.mgovcloud.in.virtualeoffice.cloud,1
accounts.mgovcloud.in.cloudshare.digital,1
sbilifeinsurancequote.net,1
sbilifeinsurancequote.in,1
sbilifeinsurancequote.co.in,1
sbilifefinance.in,1
onlinesbilifeinsurance.co.in,1
onlineplanssbilife.co.in,1
onlinesbicard.in,1
loginsbicard.in,1
pnbmail.co.in,1
helppnbindia.in,1
nicemail.xyz,1
gov-nicz.cfd,1
mail.e-gov.in.ua,1
email-gov.icu,1
email.gov.in.ministryofdefenceindia.org,1
red-surf-08881.pktriot.net,1
sbilifefinance.net,1
sbiinsurance.net,1
sbiinsurance.in,1
onlinesbilifeinsurance.net,1
onlinesbilifeinsurance.in,1
sbilifepolicy.co.in,1
sbilifeplans.net,1
sbilifeplans.live,1
sbilifeplans.in,1
sbilifeplans.co.in,1
sbilifeonlineplans.net,1
sbilifeonlineplans.in,1
sbilifeonlineplans.co.in,1
sbilifeinsuranceservices.net,1
sbilifeinsuranceservices.in,1
sbilifeinsuranceservices.co.in,1
sbifashascholarship.in,1
sbicardlogin.in,1
sbifm.in,1
updatessbi.co.in,1
sbicardshr.in,1
loginsbi.in,1
sbistatement.co.in,1
alert-sbi.co.in,1
mysbibank.co.in,1
sbibankcorp.co.in,1
sbilifepolicy.in,1
sbilifeinsuranceonline.net,1
sbilifeinsuranceonline.in,1
sbilifeinsuranceonline.co.in,1
sbilifeinsurance.net,1
sbilifeinsurance.co.in,1
csb1.lat,1
sbirewardcard.in,1
sbiloanapply.in,1
sbibank.ind.in,1
onlinesbi.digital,1
loanfinancesbi.co.in,1
esbi-informer.info,1
esbi.in,1
alerts-sbi.net,1
noeticsbiotech.co.in,1
sbibroker.in,1
sbionlinehelp.in,1
wbsbi.co.in,1
sbi01-bank.co.in,1
sbigrahaksevakendranet.co.in,1
sbifashascholarship.co.in,1
usbi.top,1
sbinps.org,1
sbindustries.org.in,1
sbiindia.in,1
sbicardservice.in,1
sbi-alerts.co.in,1
cybersupportsbi.co.in,1
sbiin.in,1
18sbip04.shop,1
sbilife.website,1
sbicard.website,1
sbinbank.in,1
sbifin.in,1
sbi13355cbs.co.in,1
msbi.in,1
00674sbi.co.in,1
sbi-updaty.xyz,1
sbi-updaty.top,1
sbi-updats.xyz,1
sbi-updats.top,1
sbi-update.xyz,1
sbi-update.top,1
sbi-update.cfd,1
sbi-updatb.xyz,1
mysbi-co.net,1
noreplysbi.in,1
sbico.net,1
zonalsbi.co.in,1
sbicmsbanglore.in,1
transactions-sbi.co.in,1
esbi.co.in,1
accounts-sbi.co.in,1
lkjbb.vercel.app,1
sahc1d1yta.vercel.app/uof,1
czsei.vercel.app,1
bczxx.vercel.app,1
sav1h4da.vercel.app,1
jkfnlk.pages.dev,1
sbikyc-5g4.pages.dev,1
wqoy.pages.dev,1
lkvgt.pages.dev,1
pqvoy.pages.dev,1
bee4.pages.dev,1
jhctth.pages.dev,1
erftgj.pages.dev,1
ogf.pages.dev,1
moli-bai.pages.dev,1
sbiverify-jp.cfd,1
tgw8t54r.pages.dev/wq1,1
gtcgl.pages.dev,1
sun1-3pr.pages.dev/eaqd,1
sbi-help.xyz,1
sbi-help.top,1
sbi-oiderweq.cfd,1
sbi-oiddasdeq.cfd,1
sbii.co.in,1
sbibilisim.online,1
rsbi.online,1
satysv5aj.vercel.app/pwr,1
satydh7va.vercel.app/gor,1
kloii.vercel.app,1
rdcvb.vercel.app,1
sagv1ctd.vercel.app,1
qpmz.pages.dev,1
jazgy.pages.dev,1
fri2.pages.dev,1
fri7.pages.dev,1
fri9-4v8.pages.dev,1
yehiv.pages.dev,1
qotgj.pages.dev,1
vfhtlk.pages.dev,1
zoebo.pages.dev,1
zirvjj.pages.dev,1
quxe.pages.dev,1
ktfju-21n.pages.dev,1
dcvtd.pages.dev,1
rewardsbi.pages.dev/public,1
djal.pages.dev,1
ciyk.pages.dev,1
sbikyc-4g.pages.dev,1
pevox.pages.dev,1
gttt.pages.dev,1
prip.pages.dev,1
zieviv.pages.dev,1
jtdubb.pages.dev,1
ifsjab.pages.dev/bbx,1
tg765rftf.pages.dev/wq1,1
yuiii.pages.dev,1
sx2.pages.dev,1
payebm.pages.dev,1
aurji.pages.dev/bbx,1
iskvno.pages.dev,1
aqgcyj.pages.dev,1
qausb.pages.dev,1
rew-czs.pages.dev,1
prcibn.pages.dev,1
tyftrk.pages.dev,1
orvkb.pages.dev,1
yaegcu.pages.dev,1
tripal-a.pages.dev,1
qhuvp.pages.dev,1
ump3.pages.dev/eaqd,1
ump11.pages.dev,1
zzraz.pages.dev,1
prcobl.pages.dev,1
aklp.pages.dev,1
pqgib.pages.dev,1
biyuthj.pages.dev,1
sbikyc-dy1.pages.dev,1
a-2-6ua.pages.dev,1
sbi-kyc.pages.dev,1
itjibj.pages.dev,1
udyhji.pages.dev,1
iehjjj.pages.dev,1
edho.pages.dev,1
yvys.pages.dev,1
idobog.pages.dev,1
usjbo.pages.dev,1
irhvj.pages.dev,1
ifbib.pages.dev/bbx,1
usehcs.pages.dev,1
ierbk.pages.dev,1
gooa.pages.dev,1
sdf-89v.pages.dev,1
kop-3b3.pages.dev,1
kilpzcmk.pages.dev,1
apk5.pages.dev,1
sav1h4da.vercel.app/pwr,1
sa3adtyv.vercel.app,1
sagdy6tcv.vercel.app,1
sah5dyva.vercel.app,1
youn-delta.vercel.app,1
sagcd8af.vercel.app,1
savc4hdty.vercel.app,1
sacdyu3a.vercel.app,1
savchg8d.vercel.app,1
mals.vercel.app,1
sah1v1bt.vercel.app,1
rewarsdsbi.pages.dev,1
yshhvk.pages.dev,1
usijop.pages.dev,1
vmk.pages.dev,1
ysibih.pages.dev,1
shgav5ya.vercel.app,1
shaty7dv.vercel.app,1
syertv2aj.vercel.app,1
shab3vta.vercel.app/pwr,1
kldss.vercel.app,1
syeh2vfty.vercel.app/sg,1
sav6ftyuj.vercel.app/qml,1
vndns.vercel.app,1
shaidty8dv.vercel.app/gor,1
say1uvga.vercel.app,1
sah1vd2nty.vercel.app,1
sahcd7ya.vercel.app,1
sahd6jat.vercel.app,1
sacd1otyac.vercel.app/uof,1
saays5dvty.vercel.app/pwr,1
sahcd1j3a.vercel.app/pwr,1
sja2bvr.vercel.app,1
syuc1ia.vercel.app,1
sajv3dny.vercel.app,1
shay9ua.vercel.app,1
ssft2yb.vercel.app,1
sua4ydha.vercel.app,1
sakd3yvha.vercel.app,1
styvsais.vercel.app,1
sjab7vdt.vercel.app,1
sahjj3vdy.vercel.app,1
sha2yeva.vercel.app,1
shaj3dy.vercel.app,1
syajd1ga.vercel.app,1
shay1ucv.vercel.app,1
shaidty8dv.vercel.app,1
svaswer1.vercel.app,1
hgfhjk-khfx.vercel.app/firstpage.html,1
mkloi.vercel.app,1
sahj5dvty.vercel.app,1
nxms.vercel.app,1
shgav5ya.vercel.app/pwr,1
devdm.vercel.app,1
um-ten.vercel.app,1
new-contect-del.vercel.app,1
new-contact.vercel.app,1
thiol.vercel.app,1
lioou.vercel.app,1
s1srahb.vercel.app,1
vssa-silk.vercel.app,1
sdzxxs.vercel.app,1
ahsh.vercel.app,1
fresh-self-chi.vercel.app,1
okiut.vercel.app,1
mjikl.vercel.app,1
sbbi-nctg.vercel.app,1
ashqd.vercel.app,1
egahs.vercel.app,1
sbl-re56.vercel.app/firstpage.html,1
sbitu-87uyt.vercel.app/firstpage.html,1
sbitu-87uyt.vercel.app,1
sbveel-tyr6798i.vercel.app,1
vbhg.vercel.app,1
srthgjh-6576.vercel.app,1
ndjs-lovat.vercel.app,1
srthgjh-6576.vercel.app/firstpage.html,1
dagsa.vercel.app,1
hgfhjk-wour.vercel.app,1
bvcdm.vercel.app,1
eiol.vercel.app,1
nminv.vercel.app,1
cahq.vercel.app,1
agsw.vercel.app,1
my-next-app-silk-gamma.vercel.app,1
thhg.vercel.app,1
hgaqw.vercel.app,1
nndaq.vercel.app,1
bnaqq.vercel.app,1
aswrr.vercel.app,1
yhaga.vercel.app,1
aswrt.vercel.app,1
yjau.vercel.app/a2,1
nvcdf.vercel.app,1
vcxd.vercel.app,1
sbbi.vercel.app,1
sbei.vercel.app,1
sbik3.vercel.app,1
niooi.vercel.app,1
www.krtdsr.com/#/login/login,1
icicirewardonline.com,1
mycardsapp.in,1
7ddccc4d-f6cb-4b23-ba8f-804627443bbf-00-3jlytvolrbk4u.pike.replit.dev,1
3e92692b-1692-43e1-a5a6-35313752fa49-00-wrefxn3i7fuk.pike.replit.dev,1
icicirewardstore.com,1
cppcard.online,1
mycardbenifit.in,1
www.pysdru.com,1
rewardclaimapp.com,1
redeemclaims.in/icici,1
redeemsclaims.in,1
icireward.com,1
cpservice.online,1
icici.mycardcare.in,1
redeemspoints.in/icici,1
cardprotections.info,1
servicescard.online,1
icicidirect.willjini.com/login,1
rewardsmyclaim.in/icici,1
icicibank-9020.zendesk.com,1
redeemmyclaim.in/icici,1
icicloanservice.com,1
icicilombard.nworx.app,1
shopscnw77.github.io/claimpoitns,1
icicilombard2024.samaaro.com/ascend2024/users/login,1
rewardspointicicibank.com,1
icicservice.site,1
icici-investment.com/login,1
icici-securities.vip,1
icicistorepoint.in,1
managemycardicici.in,1
icicisecuritiesindia.com,1
icicisecuritiesin.com,1
cardnetwork.in,1
icicisecuritiesex.com,1
icicibanksite.web.app,1
icici-securitiesin.vip,1
icici-securitiesit.com,1
icici-securitiesin.com,1
icici-securitiesit.vip,1
icici-securitiesup.vip,1
icicistore.co.in,1
icici-securitiesup.vip/#/pages/login/login,1
icici-securitiesit.vip/#/pages/login/login,1
iciciinsedee.com/#/pages/login/login,1
iciciinsedes.com/#/pages/login/login,1
iciciinsedeb.com/#/pages/login/login,1
iciciinsedef.com/#/pages/login/login,1
iciciinseded.com,1
bkinseed.xyz,1
bkinseed1.xyz,1
inseebk.xyz,1
inseebk1.xyz,1
bkinc1conline.xyz,1
bkinc1y.xyz,1
visagemstonecreditcards.attoinfotech.com,1
iciciinsede.com/#/pages/login/login,1
getyourgift.cfd,1
icic-in.icu,1
icpoinr.top,1
indiapoinr.top/phone,1
13.232.20.241,1
icici-securitiesgo.vip,1
icici-lms.gvmtechnologies.net,1
brkinc1s.xyz,1
bkinc1i.xyz,1
www.bk-inc-1.xyz,1
icic-in.sbs/in,1
ww38.ext.icicibnk.com,1
ww25.easypaycollect.icicibamk.com,1
bentkkgntzww25.lead.icicibamk.com,1
ww25.indtantforex.icicibamk.com,1
ww17.iviewnlbs.icicibamk.com,1
cicbankfinance.com,1
janficici.com,1
cemalcici.com,1
www.icicigroup.shaerepoint.com,1
ww7.icicicareer.com/?usid=18&utid=31140704230,1
ww17.buy.icicibamk.com,1
fasttaglogin.icicibannk.com,1
1c1c1c1c.xyz,1
ww25.dash.icicibamk.com,1
ww25.3.icicibamk.com,1
shop.icicibannk.com,1
4a17ec06-0f3f-4f59-b221-aa4f44d14059.random.iciciprulife.co,1
57e0d8d2686c.whatsapp.iciciprulife.co,1
57e0d8d2686c.notexistsrds1.iciciprulife.co,1
57e0d8d2686c.smx2.iciciprulife.co,1
2df626a5-1a89-4150-92dd-eeaf90838345.random.iciciprulife.co,1
57e0d8d2686c.mail10.iciciprulife.co,1
grsqlwebdisk.iciciprulife.co,1
imap2.iciciprulife.co,1
rnydaappdynamics.iciciprulife.co,1
icici.lat,1
iciiinsurance.com,1
icic-oc.org,1
icicibcxk.sbs,1
nclcinvestments.xyz,1
bkicici.com,1
icici-paylink.asia,1
icici-paylink.click,1
foreveryoung.online,1
icc-online.com,1
simplizi.fr,1
homeclub.shop,1
www.safeicici.com.elite-investcapital.com,1
icicixltops.com,1
infinity.icicibbank.com,1
ww17.icici.icicibamk.com,1
ww17.wiki.icicibamk.com,1
ww25.help.icicicdirect.com,1
ww25.temp.icicibamk.com,1
ww17.demo.icicicdirect.com,1
ww25.forums.icicicdirect.com,1
ww25.in.icicicdirect.com,1
ww16.help.icicicdirect.com,1
acqweb.icicibamk.com,1
ww25.vpn.icicibamk.com,1
vkyc.icicibannk.com,1
ww25.105e7afe-d35c-4f34-9773-887704acf9d1.icicibamk.com,1
vmsweb.icicibsnk.com,1
ww38.uat.iciciclombard.com,1
ww16.shop.icicicdirect.com,1
ww17.site1.icicibamk.com,1
ww25.notexistsautodiscover.icicibamk.com,1
ww25.cmart.icicibamk.com,1
ww25.itasktrailportal.icicprulife.com,1
ww38.nysa.iciciclombard.com,1
ww25.log.icicibamk.com,1
ww25.backup.icicicdirect.com,1
ww17.help.icicibamk.com,1
ww16.directlink.icicicdirect.com,1
ww25.notexistscollectionsapp.icicibamk.com,1
ww38.workflow.icicilomboard.com,1
www.ilens.icicibamk.com,1
ww25.ww5.icicibamk.com,1
ww17.fastaglogin.icicibamk.com,1
ww25.autodiscover.icicilombard.co,1
arcosdr.iciciprulife.co,1
ww38.staging.icicilomboard.com,1
ww25.forum.icicicdirect.com,1
ww38.bi.icicilomboard.com,1
ww38.edison.icicilomboard.com,1
ww25.collectionsapp.icicibamk.com,1
ww38.tickets.icicilomboard.com,1
ww38.fastrack.icicilomboard.com,1
ww38.partner.icicilomboard.com,1
ww38.smtp.icicilomboard.com,1
ww38.securesmtp.icicilomboard.com,1
ww38.icicilomboard.com,1
ww38.api.icicilomboard.com,1
www.forum.icicicdirect.com,1
ww25.mobile.icicibamk.com,1
inrprepaid.icicibsnk.com,1
ww38.user.icicilomboard.com,1
ww38.administration.icicilomboard.com,1
ww38.sitemap.icicilomboard.com,1
ww25.staging.icicicdirect.com,1
ww38.dev.icicilomboard.com,1
ww38.demo.icicilomboard.com,1
ww38.support.icicilomboard.com,1
ww16.help.icicibamk.com,1
ww38.crm.icicilomboard.com,1
ww38.i.icicilomboard.com,1
california.icicicdirect.com,1
account.icicisecurity.com,1
ww38.iihc.icicilomboard.com,1
ww25.fastagalogin.icicibamk.com,1
ww25.service.icicibamk.com,1
sitemap.secureicicidirect.com,1
ww25.bigdata.icicibamk.com,1
ww17.inrprepaid.icicibamk.com,1
foreveryoung.click,1
int.icicibamk.com,1
ww17.int.icicibamk.com,1
icici-linkpoint.sbs,1
mycardreward.in,1
empresas.icicicbank.com,1
wetransfer.com,1
sparkpostmail.com,1
australianvisainfo.com,1
points-icici.sbs,1
cardsprotection.in,1
2084b156-25b2-4493-8565-c3a93c6a21ab.icicibank.live,1
ww1.icicidierct.com/lander,1
iciciqiv.pages.dev,1
8394bcb5-9c53-4215-b9c3-2c70b159ccfa.icici.de,1
scsignatureliving.com,1
icici-prudential-mutualfund-dev.conspire.app,1
iciholdings.online,1
icbank-points.cfd,1
moneyworld.it.com,1
iciholdings.com,1
icicbe.com,1
icici.autopay.co,1
lclclc.lc,1
theholw6.icicibamk.com,1
mta-sts.salescrm.icicibamk.com,1
mta-sts.smtp3.iciciprulife.co,1
gpvpn.icicibanbk.com,1
onesource.run,1
icicinc.top,1
iciciworkflow1.com,1
icicmm.com,1
savingsaccount.store,1
niloonline.shop,1
icicadisfurnishseveries.monster,1
icicpsomtng.top,1
iccifund.com,1
db2.icicicbank.com,1
v.icicibank.in,1
hrzkmo.icicicbank.com,1
members.icicicbank.com,1
988a3cf0-88de-435e-90fe-ef14229bee3b.random.iciciprulife.co,1
dienstleistungsrichtlinie.icicicbank.com,1
mta-sts.vpn.iciciproperties.com,1
mta-sts.docs.iciciprulife.co,1
icicio.top,1
icici-inr.top,1
icicicardonline.info,1
omwzeriyadww25.beta.icicibamk.com,1
mta-sts.notexistsicicibank.carreer.com,1
doh.icicibamnk.com,1
mta-sts.test.icicibamk.com,1
resolver1.icicibamnk.com,1
ww7.icicicareer.com/?usid=104&utid=e2ae6f9bb335c7eb2c8182151dacb3a8,1
7fb3673b-ec46-430b-8f68-880513a8294e.random.iciciprulife.co,1
9d9a28c3-ca42-43e2-b578-78b49bf03843.random.iciciprulife.co,1
zafpshvx.icici.app,1
fortivpn.iciciprulife.co,1
www.store.icicicdirect.com,1
www.buy.icicibanlk.com,1
store.acqweb.icicicbank.com,1
ww38.store.iciciprulifeinsurance.com,1
server.icicibannk.com,1
mta-sts.icicibank-staging.alardah.com,1
icicibank.msy169.xyz,1
ww38.infinitynxt.icicibank.site,1
imobile.icicibasnk.com,1
icicicc.com,1
iciciv.com,1
ere-nova.icicicbank.com,1
ww38.secure.iciciditect.com,1
mta-sts.forums.icicibamk.com,1
icicbgroups.online,1
ficicilarnesine.xyz,1
icicci.top,1
www.job-in-bank-icici.today/lander,1
email.icicicbank.com,1
stg.icici.app,1
imenonline.com,1
viyionline.com,1
test.icicibank.live,1
icici.care.co.in,1
icicle1.com,1
l2n2uhji85.icicibasnk.com,1
iciinsurance.online,1
iccici.com,1
aic1c1.vip,1
www.uat.icici.app,1
cicici.wang,1
wicici.com,1
okicici.com,1
icicimagos.tk,1
lilicici.cn,1
picici.tk,1
xcicicicici.com,1
jicici.cn,1
icici.nanorep.co/widget/widget.html,1
cicici.cc,1
cicicici.cn,1
icicibankcreditcards.in,1
icicibankpersonalloaninchennai.in,1
icicin.top/in,1
icicn.top/in,1
www.icicihomel.oan.com,1
cicici.se,1
qibimicici.cf,1
bificiciriqi.cf,1
belicicil.com,1
bicicionline.net,1
icicinps.com,1
cicicitv.xyz,1
icicim.com,1
idicici.com,1
icicic.me,1
picicizylu.cf,1
komuzicici.ga,1
iconicicing.com.au,1
cicicici.ml,1
icici-learningmatrix.co.uk,1
cicici.it,1
ulicicibop.cf,1
cicicicekcilik.com,1
icicivil.net.au,1
citcibank.com,1
icicinabk.com,1
icicinev.gq,1
weicici.com,1
kobicici.ga,1
ricicioterpu.cf,1
vicicimuxy.tk,1
yvicicid.tk,1
modicici.com,1
cicici.fun,1
uriciciposuz.tk,1
yicicibuxiangh.top,1
wicicixusa.tk,1
icicinstitute.in,1
lechicicingcookie.com,1
biciciti.es,1
didicici.com,1
cicici.cz,1
tricicidsi.cf,1
antitoxicicity.com,1
kirazbicici.com,1
clicicililmardi.tk,1
icici.banklocationmaps.com,1
icicivcs.co.in,1
avicicirean.com,1
micici.cn,1
iturcicici.ml,1
dicicip.com,1
bicici.ml,1
icicilombardhealthcare.com,1
es.icicibank.cn,1
bk.icicibank.top,1
icici.trademantri.in,1
icici.sreeannaijewels.in,1
icici.autonetic.com,1
icicifoundation-connect.org,1
icicidirect.com.mcas-gov.ms,1
icicidirect.com.admin-mcas-gov.ms,1
icicibankltd.com.mcas-gov.ms,1
icicibankltd.com.admin-mcas-gov.ms,1
icicibank.com.mcas-gov.ms,1
ipartnerext.cicilombard.com,1
cicicicici.com,1
icicicareers.co.ca,1
apps.cicink.com,1
wiicicir.gq,1
yicici.space,1
iciciland.com,1
ww1.cictbank.com,1
tricicinexpo.tk,1
chicicity.co.uk,1
cicici.site,1
cicici.co,1
icicici.in,1
icicihfc.watches,1
icicihfc.vg,1
icicihfc.ph,1
icicibank.ru,1
icicibank.customlinks.appsflyer.com,1
icici.ezcred.in,1
app.icicibank.top,1
micicixasilaje.cf,1
lycicicimivi.cf,1
lelicicisi.tk,1
ixacicicig.ga,1
icicisapawixa.gq,1
bibicici.it,1
apiicici.com,1
uzdrowiciciel.pl,1
icicine.cm,1
dodicicicli.it,1
icicihizins.de,1
icici.ru,1
viciciv.com,1
cicici.com,1
ricici.cn,1
ucicicillf.ga,1
bybiciciniqa.ga,1
zicici.ml,1
sicicilsym.gq,1
ijicicipylid.ga,1
apiliciviciciki.cf,1
jicicidu.cf,1
riciciu.ml,1
itumicicitnan.cf,1
kikicici.com,1
ficicilar.com.tr,1
dicici.ml,1
cicicircular.eu,1
chicicitira.monster,1
adicicisig.gq,1
picici.ro,1
bicici.eu,1
ciccciciciccicicccii.ga,1
ticici.cf,1
atproficicicna.tk,1
icicin.gq,1
minicici.cn,1
ilciciftligi.com.tr,1
ns1.ciclope.net,1
bicicletas.xyz,1
bicicleta-lujo.com,1
clicici.ca,1
bilalbicici.com.tr,1
medicicircle.com,1
zekicici.com,1
clicicictan.ml,1
geltticicilwi.tk,1
quicicisoun.tk,1
bicicletasbosqueysalud.com,1
lcicllc.com,1
bicicletachopper.com,1
ns01.bicicletastope.com,1
biciclasificados.com,1
ns01.bicicletasmundopedal.com,1
ns01.bicicletastribiker.com,1
bicicletasushuaia.com,1
ns01.ciclosteo.com,1
ns02.bicicletesportocolom.com,1
ns01.bicicletasuperprestigio.com,1
i-cicle.com,1
tipici.club,1
miciclo.com,1
icicledid.com,1
cicicicicici.com,1
ciibank.pl,1
cicifosilcici.shop,1
ciciba.info,1
bicici.gen.tr,1
ezgificici.com,1
cicici.org,1
cicicici.org,1
cixibank.cn,1
riciclidea.org,1
bicicims.com,1
bicicleta-electrica-segunda-mano.online,1
bicicletas-electricas.online,1
bicicleta-electrica-usada.store,1
labicicleta.co.uk,1
uicici.com,1
aicici.cn,1
falicici.online,1
tistdetelicici.tk,1
mimicicicaketng.com,1
cicici.id,1
makasicici.com,1
icicipi.top,1
bnpparibasbicici.com,1
yenigibicici.xyz,1
kiciciap.shop,1
yenigibicici.com,1
micicipii.com,1
micicipi.com,1
cicici.store,1
dicici.com,1
micici.fr,1
jicici.com,1
spiciciden.ga,1
hepsicici.com.polkaconnect.com,1
citicicifulworl.tk,1
aicicicici.repl.co,1
uwicicis.myhostpoint.ch,1
juicici.campsite.bio,1
aicicia.art,1
aicicia.com,1
aicicia.se,1
bicici.net,1
bicici.online,1
iciciea.com,1
gokcebicici.com,1
riciclamente.com,1
iciclestraw.com,1
undiciclo.com,1
lokvicici.hippocamp.eu,1
bicicletaspara.info,1
dicic.link,1
omicicintufar.tk,1
ticicity.com,1
prodottitipiciciociari.it,1
nesibebicici.com,1
tunaicicilan.com,1
juicici.store,1
arcticicicles.com,1
simplicicity.de,1
versdicici.gq,1
artebicicitytours.com,1
cibcbank.net,1
icbank.net,1
otticicio.com,1
autoconfig.ciciprulife.com,1
iciciacs.com,1
cvicicizralok.com,1
custmail.icicibank.com.mcas.ms,1
micicipi.ir,1
ww01.citibank.com.in,1
iciciconverse.byteprophecy.accenture.com,1
quicicidi.cf,1
meokicicit.tk,1
onariciciftci.com,1
licicis.com,1
cicicircular.com,1
mimicicicake.com.kueulangtahunbogor.com,1
mimicicicake.com,1
8maysite2-ozficici.me,1
tranaficicil.tk,1
umanerficicin.tk,1
uaticici.aalroot.com,1
ww01.cidibank.com,1
themusicicityaccball.org,1
icbank.cc,1
yurticicicekcilik.com,1
icici-lombardhelpdocs.cogdam.com,1
nesibebiciciart.com,1
icicibudgeting.magitt.com,1
argold-icici.aerele.in,1
drvelicicimen.com,1
yurticicicekcilik.online,1
blicicil.app,1
bankicici.wuaze.com/?i=1,1
firstdataicici.magecomp.org,1
cicicity.com,1
quizsilver.com/icici-bank-pay-direct-card-customer-care-number,1
jidicicicixidiiddi.one,1
idicicihe.shop,1
dodicicilindri.com,1
janicici.com,1
ricici.com,1
icici.bank.co.in,1
icici.creditmonitor.info,1
biciciotomotivkonya.com,1
infinity.icicibank.com.mcas.ms,1
dev-icici.pantheonsite.io,1
centriacusticicisento.it,1
vaicicigroup.net,1
ccbank.online,1
cicici.vip,1
dicici.net,1
bicicihukuk.com,1
klicici.com,1
xicici.cn,1
aicicill.com,1
bodhicici.com,1
shicici.com,1
lvicicira.shop,1
mimicici-qc.direct.quickconnect.to,1
cicici.altervista.org,1
dicicilaja.info,1
icicis.cis.asu.edu.eg,1
oembrand.com/icici-bank-i-safe-application,1
pipicici.com,1
weicicizhuan.com,1
icici.sworks.co.in,1
uicicifmre.ewefvo.homes,1
democraticicivici.it,1
chickibank.au,1
de.xixizizicici.store,1
micicipi.top,1
lokvicici.iptvsmart.eu,1
credit-auto-bicici.com,1
dramaiciciari.com,1
denicici.direct.quickconnect.to,1
ficicioglu.de,1
micicipi.ruk.eug.store.mx0.edushophk.com,1
leoagarbatti.icicirud.com,1
apartmenticici.com,1
mybicici.com,1
iciciyvao.shop,1
cicicil.sbs,1
eticicibebe.com,1
cacibank.com,1
icbcbank.ru,1
wicicio1.pro,1
iddia-bicici-be.arolitec.com,1
gameicicie.com,1
daodaocicicishang2866.top,1
geciktiricici.palgat.com,1
icicrts.in,1
bicici.croatia.topdestination.it,1
cicicici.direct.quickconnect.to,1
ycfguneskiricicit.com,1
kwikid.kyc.priv.icici.getkwikid.com,1
polatbicici.xyz,1
polatbicici.online,1
polatbicici.com,1
nam.simntit.nicici.adata.in,1
ww16.pujicicixu.suplikasro.cz,1
www.icichfc.com,1
bicicita.bitlen.com,1
imap.egicici.com,1
ciciciciciic.altervista.org,1
my.micicipi.ru,1
icicity.com,1
icbcbank.top,1
cibcbank.me,1
kiciciuchy.pl,1
optifiiicicidev.betadelivery.com,1
suryaticici32.erwinnila123.my.id,1
bicici.croatia.topdestination.de,1
lokvicici.travellove.eu,1
zicicip-157-89.df.gov.br,1
bicicimum.com.tr,1
la.dicicion.mia.es,1
mimicici-qc.direct.quickconnect.cn,1
ecanivicici.arab-spam.com,1
ilicicimpiesnertz.online,1
bicicita.greenhub.es,1
icbcbank.com.cn,1
portal.cicidirect.com,1
licici.cn,1
icicib.com.mintvalley.com,1
closdevicici.crm8.dynaics.com,1
epicicious.com,1
delicici.com,1
icicibankbizcircle.raovat9s.com,1
milicicity.forumh.net,1
articicial-grass.click,1
labicicicletta.ch,1
plasticicicles.com,1
bogazicicimento.com,1
cicici.ggff.net,1
lokvicici.hr,1
icici-ecollect-prod.flamingotravels.co.in,1
pejuangjpgacor.vip.prediksicici.xyz,1
dodicicinque.com,1
crmapi.icicirise.com,1
icici-tourism.com,1
spicicisma.com,1
caricicijitu.xyz,1
caricicijitu.store,1
miglioribicicitta.altervista.org,1
uaticicifadminapi.mgrant.in,1
a.mx.icicibank.in,1
mengzhicici.5ddd.com,1
poshn-icici-uat-stage.poshn.app,1
icicic.carreers.com,1
cicicici.synology.me,1
viveplata.com.huicicilagold.com,1
onicici.info,1
bogaziciciftlik.com,1
chuaicici.cn,1
pinarficici.com.tr,1
iciciapi.lyra-network.in,1
pinarficici.xyz,1
icicirtgsbcob.bhagyodayabank.com,1
biciciclismo.com,1
alicici.cn,1
icicipointin.sbs/i,1
ficicilar.com,1
ld-icici.toss4u.com,1
gjergjicici.johndoegroup.de,1
lericicittacreativa.it,1
icicic.jp,1
bmwicici.de,1
aricicichi.synology.me,1
aricicichi.direct.quickconnect.to,1
jogroun-0.weicici.net,1
picicipo.hu,1
ozficici.com,1
cicici.dpdns.org,1
ww25.icici.myclassbord.com,1
icicimov.rents.ws,1
bicici.bmm.in,1
testicicipg.store,1
bicicinet.gslb-off.wealthmanagement.cz,1
icicivd.xyzb.netww.22fd810e.nip.io,1
nicicita.ch,1
ww1.ciitbank.co.in,1
lfotpicicibank.coj.me,1
giavicici.asia,1
picicicik.startporno.hu,1
ww1.ciitbank.com,1
aicicinnovative.com,1
isidicici.store,1
rusticiciclecows.mylearndash.com,1
omerbicici.direct.quickconnect.to,1
notexistsicici.careeers.com,1
kikicici.cn,1
www.iciuser.co.in,1
ivanlovricici.us1.hostry.host,1
cicicilento.de,1
cicici.vskkl.com,1
iciinnovations.org,1
icicicardoffer.info,1
icicibanksip.in,1
hicicie.com,1
icicibankhomeloan.in,1
myicicibank.in,1
icicibanktitaniumcard.in,1
levgreen.com.ua/icici/info.htm,1
console.icici.buildint.co,1
dicicipua.cdnapp.net,1
batuhanficici.com,1
clicici.chateauduvice.com,1
panificicialoni.it,1
ticici.direct.quickconnect.to,1
uang-pangkal-bisa-dicicil.depressiond.com,1
pinfo.icici.grop.com,1
icicbet.com,1
iciciconcepts.com,1
iciciloans.com,1
57e0d8d2686c.mail.iciciprulife.co,1
safimoneytransfer.com,1
icicipersonalloan.doodlekit.com,1
icici-world.com,1
icicic.org,1
www.sandbox-superset.iciciprulife.co,1
icic.bet,1
icicapitalllc.com,1
lclclbank.ng,1
icicibanking.org,1
onicici.com,1
icicta.com,1
hvkn4feaq6ic1cihhbg80ncmghh58116.com,1
lalpuricicibank.com,1
dmpromotion.com,1
rcipromotions.com,1
iiainfotech.com,1
scifidubai.com,1
aaadvantage.io,1
icicibanlk.com,1
icicillbank.cc,1
icicilbank.sbs,1
cicicicicici.cn,1
ccicicilod.com,1
dolmetscher-bicici.com,1
selma-bicici.com,1
selma-bicici.net,1
icici-investment.com,1
icicisecurities.vip,1
cicici.xin,1
iciclo.com,1
icicin.ch,1
icicin.net,1
videokyc.icicibsnk.com,1
mx7.icicibanklogin.com,1
cicbank.finance,1
bank-icici.cyou,1
icicimoney2india.com,1
iciciba.nk.com,1
icici.bank.com,1
icic.ibank.com,1
ici.cibank.com,1
800e3e8e5b30.ngrok.io/icici/index.html,1
icicibanksales.in,1
icici.crediwatch.org,1
icicin.eu,1
icici.candlesrider.com,1
bit.ly/icici-india-banking_app,1
icicin.biz,1
icicin.org,1
icico.xyz,1
onlineicicibank.com,1
icicihfcfd.com,1
icicibanknriservices.com,1
icicibankmerchant.com,1
icicibankestatement.com,1
iciciaccount.com,1
www.moviez.ml/spp/cib-infinity.icicibank.co.in/netbankingupdatesession/ret.userbankaway,1
www.moviez.ml/spp/auth/cib-infinity.icicibank.co.in/netbankingupdatesession/ret.userbankaway,1
zicici.com,1
4ward25.com/icici-bank-demat-services-application-for-closure-of-demat-account,1
icici.carriers.in,1
spocto360-icici.smartcollect.digital,1
icicidirect.finux.com,1
indusindslogin.com,1
loginindusinds.com,1
xn--ccbank-vvabb.com,1
xn--ccbank-h8abb.com,1
xn--ccbank-2vabb.com,1
icici.sbi.au,1
icicic.cn,1
cicici.ci,1
icici.securehostdns.com,1
icicicarrier.com,1
cicici.cn,1
icicingenieria.com,1
icici.figo.in,1
icicin.online,1
sklep-detal.elgon.pl/js/icici/info.htm,1
icici-preprod-analytics.thewitslab.com,1
icicibank.comvanguard.com,1
managecredit.in/icicibank,1
icici.fastage.com,1
icici.wrms.com,1
iciciservices.fasteasy.in,1
icicibank.inifinity.com,1
icicibank.reliablegroupindia.com,1
apicici.com,1
apps.iciciprupms.com,1
kyc-icicimpocket3385-f6f3ab.online,1
icici.toll.cust.it,1
icicirewardspro.in.ultimacare.in,1
icici.billpro.online,1
icicibanklimitedindia.com,1
biciciyapi.com,1
bicicimimarlik.com,1
icicibank.rf.gd,1
icici.nexusi.in,1
icici.pertsol.com,1
ww25.eazypayicicibank.com,1
gpvpn.icicicbank.com,1
icici.hmi-tech.in,1
posta.ext.icicbank.com,1
mailout.ext.icicbank.com,1
ilmds.icicilombard.com.mcas.ms,1
ilmds.icicilombard.com.us.cas.ms,1
pop.icicbank.com,1
iciclo.com.br,1
icicin.info,1
bk.icicibanklogin.com,1
icicibankaccounts.com,1
icicibank.co.in.familytiessc.com,1
com.ext.icicbank.com,1
ww35.icicibannk.com,1
mail.comune.icici-bank.com,1
icici.five.in,1
alumni.icicbank.com,1
tw.icicbank.com,1
icici.flg.in,1
ww25.icici.myclassboard.co/?subid1=20250629-0225-34b7-8719-e4fd05dd7fe3,1
acqweb.iciciank.com,1
www.icicibank-personalloan-bangalore.digiloan.in,1
gpvpn.icicibannk.com,1
icicicustomercare.in,1
iccebank.com,1
foreveryoung.vip,1
demo.icicihfc.gravithy.com,1
icicibankltd.ph,1
cicici.net,1
cici.city,1
icicibank.nu,1
icici.cdotbihar.org,1
icici.kudosfinance.in,1
icicicic.cn,1
icici.dev.sharajman.com,1
iccank.net,1
www.icicibankpersonalloanbangalore.digitloan.in,1
ww25.autodiscover.icicibank.co,1
ww17.w.icicibanklogin.com,1
dgw.icicibanklogin.com,1
bnk-en.icicibanklogin.com,1
icicidireft.co,1
ivicidirect.com,1
iclcidirect.co,1
icicldirect.co,1
icividirect.com,1
icicidirect.me,1
icicudirect.co,1
icici-lombard.la,1
icici-lombard.fm,1
icic.r.top/in,1
icicibnk.ae,1
iciclient.com,1
icicci.com,1
nlnlkicicibank-staging.kaluga24.tv,1
icicibank-data.pilotlogistics.com,1
advantage.finance,1
icicibankonnect.in,1
icicilombard24x7.ooo,1
icicilombardoverseastravelinsurance.ooo,1
icicibankconnect.co,1
universal-api-dot-icicibank-c4m.appspot.com,1
eiciciportal.loginsupport.in,1
qkns-icici-prod1.unique.developer.azure-api.net,1
qkns-icici-prod1.unique.azure-api.net,1
qkns-icici-prod1.scm.azure-api.net,1
qkns-icici-prod1.portal.azure-api.net,1
qkns-icici-prod1.management.azure-api.net,1
icicilombardgeneral.com,1
qkns-icici-prod1.configuration.azure-api.net,1
qkns-icici-prod1-centralindia-01.regional.azure-api.net,1
foreveryoung.recipes,1
dsaicicibank.com,1
icici.platinum.cc,1
icici.git.gitlab.git.git.winetrove.co.uk,1
icicilombardtravel.com,1
cicibnk.online,1
icicibank.cardservice.in,1
icicimaster.kittybloger.strutlearning.com,1
encryption-icicibank.snnhbdwfk.ru,1
icicicorporatebanking.co.in,1
hussam22icici.website,1
icicibank.bo,1
icicibankpaytm.com,1
icicibanknet.com,1
icicihfc.foxboxrewards.com,1
icicibanksales.com,1
icici.manjusree.com,1
icici.cc,1
oticicith.ml,1
icicit.cn,1
www.surcation.com/infinitycib-icicibank.co.in/updatesession/bankaway,1
eest.in/.infinitycib-icicibank.in/updatesession/bankaway,1
howtoredeemicicicreditcardrewardpointsonline.ml,1
icicibank-staging.kinokong.cc,1
icici.fanz.in,1
icici.luxindustries.com,1
bk.ciibank.de,1
iciciservices.dspfastrecharge.com,1
icici-icici-stagingproxy.cloud.sitefinity.com,1
assets.icicibank.com.admin-mcas.ms,1
assets.icicibank.com.mcas.ms,1
icici.bankifsccode.finance,1
accounts.icici.eximfiles.io,1
icici.indiafilings.com,1
icicilombardmails.com,1
aicici.org,1
icicigroup.cn,1
icicigroup.com.cn,1
icici.cn,1
icicibank-vip.top,1
clicici.net,1
2icicibank.com,1
icibank.org,1
icicibankhyd.com,1
icicivehichleinsurance.com,1
icicit.net,1
iciciauction.com,1
comicicidirect.com,1
mobileicicibank.com,1
iscconline.com,1
iciciadcampagin.dhanyogis.com,1
icici.nom.za,1
icici.ariticapp.com,1
icicibank.infomedha.in,1
icici.infomedha.in,1
icicibank.dev.test4wd.com,1
icici.gatisofttech.com,1
icici.masterpay.pro,1
icici.squareoffbots.com,1
icicibank.razorpa.com,1
icici.evolvewebinfo.in,1
iciciba.comk.com,1
icicibank.infonity.com,1
icicibankstatements.in,1
icicismartcard.com,1
icici3a.xyz,1
icicibank.solutions,1
icicibankfinance.co.in,1
campaign-icicibanksmartech-54938-583899-16329857-raghavendra.dm,1
icici.pro,1
icicibankindia.co.in,1
icicibankhome.in,1
icicibank.mytruebank.com,1
www.icicibank-staging.la2-univer.ru,1
iciciloan.ubona.com,1
cicicim.com,1
mail-icicibank.co.in,1
cic-bank.com,1
icicilombard.tw,1
customercareicicibank.in,1
nearshopicici.nearshopping.org,1
visiticici.com,1
icibank.in,1
icicibank.com.co,1
obuk-api-iciciuk.macroiglobal.co.uk,1
myicicilombard.zapto.xyz,1
icici20241104.nbupaymentsvendorcerts.com,1
ccbank.xyz,1
icici.banklocationmaps.fr,1
diciciy.com,1
test.ams.iciciprulife.co,1
ilmuse.icicilombard.co,1
m.api.icicicdirect.com,1
staging.cicd.iciciprulife.co,1
bit.ly/icicicb,1
gohighlevel.blog/icici-bank-travel-card-online-statement,1
cappicicipi.my.id,1
vultrtechnologies.com/icici-bank-credit-card-bill-statement,1
gisinfotech.net,1
dev.admin.iciciproperties.com,1
ww17.api.icicibamk.com,1
test.app.icicibamk.com,1
icici-retail.hod.life,1
cicici.us.kg,1
icici.next.co.in,1
www.myrewardscredit.in/icici,1
ww25.careericici.com,1
cicicici.direct.quickconnect.cn,1
payicici.royalstarglobaltrust.com,1
icicipg.ms,1
iyfbodn.com/?dn=iciciidrect.com&pbsubid=22323f1b-2f5e-49fc-9a9b-97a24d01ed26&pid=9pot3387i,1
icici.ttus.co.in,1
findresultsonline.com/?dn=icicbank.com&rg=468235&_slsen=1,1
icicilombard-smr.in.anandvanresidency.com,1
icici.digitify.app,1
hostmaster.icicicareer.com,1
icicihealth.com,1
icici.storyloyalty.com,1
icici.billingbooster.com,1
icicibank.career.ca,1
icici-upi.1automations.com,1
icicidirect.blogspot.tw,1
rewardsclaim.in,1
beicicimagto.ml,1
tmcicici.com,1
returnicici.qtechsoftware.com,1
fficici.payuat.com,1
icici.dsi.dev,1
cicicicicici.direct.quickconnect.to,1
cicici.autocode.gg,1
icicibankltd.sharepoint.com/sites/tigconfluence/ribsupport/sitepages/deh,1
icicibankltd-my.sharepoint.com/personal/844393_icicibank_com,1
icicisecurities.in-com.org,1
icicibankclaimreward-icicibank.eservicemoi-govkw.com,1
icicibankk.cc,1
icici.exam.org,1
icici.carer.com,1
icici-uat.goldbee.in,1
icici.com.es,1
icici.foudation.org,1
ww11.icicibankbizcircle.taolu.lol,1
icici-share-login.loginiiportal.com,1
icici.bank.cariar.com,1
icici.banklocationmaps.in,1
icicibankltd.masterjp-thebest.shop,1
ucjdficicibank3820.molly.gpinfo.eu,1
icici.qdegrees.com,1
icicitrading.co,1
icicidirects.co,1
iciciservices.trusteasy.in,1
iciciservices.extraincome.org.in,1
iciciservices.takeitec.in,1
iciciservices.shristype.com,1
iciciapi.omnistrate.com,1
icici-api.complyment.com,1
icicilifeinsurance.com,1
icicibank.c1neon.com,1
icicibank-staging.govjobfinder.com,1
api.abha.iciciprulife.co,1
icicibank.om,1
campaign-icicibanksmartech-54938-581889-16329857-raghavendra.dm,1
campaign-icicibanksmartech-54938-581889-53729628-dayanand.th,1
icici.birect.com,1
icicipru.co,1
it.icici.asset.com,1
iciciprulife-evl.onignio.com,1
api-admin-icici-bap-preprod.bharatvyapaar.com,1
icicicj.shop,1
iciciint.cubehighways.com,1
icicipru.amc.in,1
icicifake.000webhostapp.com/bankstatement.html,1
icicibank.carreer.com,1
icici.woho.in,1
icicibank.fbmlive.com,1
icici.carrer.in,1
icicitoken.ledgers.cloud,1
icicinri.com,1
iciciservices.otavamnr.co,1
hostmaster.www.icicibankcreditcard.com,1
www.app.icicibankcreditcard.com,1
ww38.icicibankpersonalloan.xyz,1
ww38.icicibankcareer.xyz,1
kaanficici.com,1
content.icicidirect.co,1
www.ww.icicidirct.com,1
add.icicici.com,1
ww51.icicicibank.com,1
www.my.bicici.com,1
cs-iciciprulife.com,1
foreveryoungrp.com,1
foreveryoung.luxury,1
foreveryoung.enterprises,1
icicihdfc.com,1
icicibank.giftz.ai,1
icicibankonnect.co,1
icicidirectn.co,1
eazypayapp.icicibnk.com,1
acqweb.icicicibank.com,1
icicibank.comndeed.com,1
admin.wwwicicibank.com,1
ebrubicici.com,1
checkmypersonalloanstatusicicibank.com.cialisonla.com,1
catalog.eazypayicicibank.com,1
mail.icicibankco.com,1
reports.icicibankcreditcard.com,1
forums.icicibankcreditcard.com,1
www.icicibank.icicilombart.com,1
www.www.metric.icicibankcreditcard.com,1
www.old.icicibankcreditcard.com,1
www.in.icicibankcreditcard.com,1
clclcl.cloud,1
icicibank.io,1
rewardsicici.com,1
cclcinvestments.com,1
icicenter.org,1
moneyworld.top,1
aiadvantage.info,1
www.icicibank.comflowise.symptomsoflowoxygen.site,1
icicibank.flatworldrewards.com,1
ww16.dns1.icicibank.sbs,1
yoginicici.com,1
eazypay.icicibak.com,1
ns.icicidirectlogin.com,1
icicibankbizcircle.rawranked.com,1
icicibankkonnect.co,1
icicibank.newsfeedsmartapps.com,1
moneyworld.money,1
sotericicients.shop,1
mekicici.fun,1
beattheheat.asia,1
lclclcklc.xyz,1
foreveryong.lat,1
icicicareers.cloud,1
iciciservices.online,1
ecicsinsurance.com,1
seconline.com,1
cicifinance.com,1
icicnsg.com,1
moneymeals.app,1
icicl.icu,1
lclcldd.org,1
lclcibank.byethost.com,1
lclc1bank.byethost.com,1
icicibankinsure.byethost.com,1
iciciinsure.byethost.com,1
icicifinancial.byethost.com,1
icicibankfinancial.byethost.com,1
icicinribanking.byethost.com,1
57e0d8d2686c.shikhileexed.iciciprulife.co,1
57e0d8d2686c.healthclaims.iciciprulife.co,1
57e0d8d2686c.dms.iciciprulife.co,1
banklearn.byethost.com,1
banklearn.blogspot.com,1
icicibanklearn.byethost.com,1
icicibankgames.byethost.com,1
icici.icicilombart.com,1
ww17.dashboards.icicicdirect.com,1
iciciholdingslimited.byethost.com,1
iciciholdinglimited.byethost.com,1
icicibankfdi.byethost.com,1
icicibankflexicash.byethost.com,1
icicibankinstantgoldloan.byethost.com,1
icicibankiplay.byethost.com,1
icicibankcapitalmarkets.byethost.com,1
icicismartloans.byethost.com,1
icicibankconsumerfinance.byethost.com,1
icicibankcarinsurance.byethost.com,1
icicibankstocks.byethost.com,1
icicistocks.byethost.com,1
icicifund.byethost.com,1
iciciassets.byethost.com,1
icicifunding.byethost.com,1
icicitwowheelerloans.byethost.com,1
icicibcsk.blog,1
simplexins.com,1
icicisky.com,1
icicilbank.cc,1
icicibank.byethost.com,1
pruicicilife.byethost.com,1
icicigroupcompanies.byethost.com,1
icicifundings.byethost.com,1
icicibnk.byethost.com,1
icicbnk.byethost.com,1
icicitrust.byethost.com,1
iciciholdings.byethost.com,1
icicibankholdings.byethost.com,1
icicibankholding.byethost.com,1
iciciholdingsltd.byethost.com,1
crm.icicibamk.com,1
buy.icicibamk.com,1
ext.icicibnk.com,1
icbc-support.com,1
icicilibank.cc,1
icicibankbg.help.org,1
icicibankltd.karimnagarlive.in,1
icicilbank.bond,1
ffsandusr0vcarduaticicibank.ngo.za,1
iciciibank.cc,1
radicicircolari.bio,1
radicicircolari.org,1
icicibonka.sbs,1
isliciciea.shop,1
electrica-bicicileta-br11.sbs,1
icic-gift.sbs/in,1
icicu.icu,1
iciciinbank.sbs,1
iccgroup.partners,1
rd.icicibannk.com,1
iciciiibank.cc,1
ww38.icici.blog,1
icicibankbg.top,1
icicibankbg.help,1
iccisupport.com,1
icici-account.top,1
user.icici.de,1
edbabhappy.icicibank.live,1
oficicinati.it.com,1
57e0d8d2686c.remote.iciciprulife.co,1
icici.carrers.com,1
57e0d8d2686c.correo.iciciprulife.co,1
ww38.inprepaid.icicilogin.com,1
money-world.online,1
ww25.inzqdoapnext.icicibamk.com,1
icicibankue.sbs,1
icicibankiv.sbs,1
mx7.iciciprulife.co,1
icic-gift.cfd,1
icicisupport.services,1
icic-gift.cfd/in,1
licici.com,1
ww38.random.iciciamc.com,1
clclcls.site,1
m.icici-bank.com,1
icicibankservices.com,1
team-icicibank.com,1
vpicicibank.com,1
icicibsnk.sbs,1
iciciaccount.cfd,1
icicibsnk.cfd,1
iciciaccount.top,1
icicibsnk.buzz,1
foreveryoung.bio,1
foreveryoung.cc,1
eticicibebe.xxx,1
icicciaio.it,1
icicaplante.fr,1
icicarecrute.fr,1
icicestvrai.fr,1
airtelfin.in,1
airtel121co.in,1
airtel.club,1
airtelmerchnat.in,1
airtel-merchants.site,1
airtel365.com,1
airtelwificonnectiontumakuru.xyz,1
airteldthconnectionbengaluru.xyz,1
airtelbroadbandbangalore.xyz,1
airtelairfiberkarnataka.xyz,1
airtela.sbs,1
airtelpoint.top,1
airtelinternetserviceprovider.co.in,1
airtelmerchant.in,1
airtelrecharge.co.in,1
airtel-merchants.in,1
namecheap.com,0
udemy.com,0
edx.org,0
khanacademy.org,0
mit.edu,0
stanford.edu,0
harvard.edu,0
visa.com,0
economictimes.indiatimes.com,0
businessstandard.com,0
livemint.com,0
moneycontrol.com,0
thehindu.com,0
ndtv.com,0
freshworks.com,0
zoho.com,0
wipro.com,0
infosys.com,0
tcs.com,0
croma.com,0
unacademy.com,0
byju.com,0
bookmyshow.com,0
tatacliq.com,0
target.com,0
walmart.com,0
ebay.com,0
primevideo.com,0
hulu.com,0
soundcloud.com,0
twitch.tv,0
spotify.com,0
netflix.com,0
samsung.com,0
tatamotors.com,0
decathlon.in,0
puma.com,0
radissonhotels.com,0
hyatt.com,0
marriott.com,0
kfc.co.in,0
pizzahut.co.in,0
dominos.co.in,0
swiggy.com,0
zomato.com,0
agoda.com,0
tripadvisor.com,0
expedia.com,0
booking.com,0
cleartrip.com,0
redbus.in,0
goibibo.com,0
makemytrip.com,0
etsy.com,0
shopify.com,0
bestbuy.com,0
hindustantimes.com,0
timesofindia.indiatimes.com,0
bbc.com,0
meity.gov.in,0
incometax.gov.in,0
uidai.gov.in,0
digitalindia.gov.in,0
nic.in,0
iitm.ac.in,0
adidas.com,0
nike.com,0
mcdonalds.com,0
nykaa.com,0
jiomart.com,0
bigbasket.com,0
snapdeal.com,0
ajio.com,0
myntra.com,0
flipkart.com,0
amazon.in,0
upi.org,0
googlepay.com,0
phonepe.com,0
paytm.com,0
irctc.co.in,0
bloomberg.com,0
reuters.com,0
icicibank.com,0
sbi.co.in,0
twitter.com,0
instagram.com,0
youtube.com,0
ibm.com,0
adobe.com,0
linkedin.com,0
stackoverflow.com,0
github.com,0
apple.com,0
wikipedia.org,0
microsoft.com,0
iitb.ac.in,0
cbse.gov.in,0
india.gov.in,0
paytmmoney.com,0
upstox.com,0
groww.in,0
zerodha.com,0
kraken.com,0
binance.com,0
coinbase.com,0
reliancedigital.in,0
limeroad.com,0
shopclues.com,0
oyorooms.com,0
kotak.com,0
axisbank.com,0
hdfcbank.com,0
honda.com,0
toyota.com,0
bmw.com,0
tesla.com,0
medium.com,0
quora.com,0
slack.com,0
zoom.us,0
google.com,0
mobikwik.com,0
freecharge.in,0
tajhotels.com,0
gmail.com,0
google.co.in,0
platform.openai.com,0
api.anthropic.com,0
docs.anthropic.com,0
perplexity.ai,0
mistral.ai,0
cohere.ai,0
huggingface.co,0
copilot.microsoft.com,0
gemini.google.com,0
chat.openai.com,0
openai.com,0
anthropic.com,0
claude.ai,0
bitbucket.org,0
gitlab.com,0
hotmail.com,0
live.com,0
teams.microsoft.com,0
azure.microsoft.com,0
office.com,0
outlook.com,0
meet.google.com,0
sheets.google.com,0
docs.google.com,0
drive.google.com,0
maps.google.com,0
discord.com,0
telegram.org,0
whatsapp.com,0
facebook.com,0
x.com,0
aws.amazon.com,0
amazon.com,0
developer.apple.com,0
icloud.com,0
stripe.com,0
digitalocean.com,0
netlify.com,0
vercel.com,0
cloudflare.com,0
webex.com,0
notion.so,0
dropbox.com,0
reddit.com,0
pypi.org,0
npmjs.com,0
intel.com,0
amd.com,0
nvidia.com,0
sap.com,0
salesforce.com,0
oracle.com,0
figma.com,0
canva.com,0
wordpress.com,0
paypal.com,0
kotakbank.com,0
axisdirect.in,0
iciciprulife.com,0
icicidirect.com,0
hdfcsec.com,0
hdfclife.com,0
hdfc.com,0
sbicard.com,0
yonobusiness.sbi,0
onlinesbi.com,0
onlinesbi.sbi,0
rubygems.org,0
cashfree.com,0
razorpay.com,0
gpay.app,0
paytmbank.com,0
rbl.co.in,0
federalbank.co.in,0
idfcfirstbank.com,0
yesbank.in,0
indusind.com,0
unionbankofindia.co.in,0
canarabank.in,0
bankofbaroda.in,0
pnbindia.in,0
airtelbank.com,0
airtel.com,0
airtel.in,0
bajajfinance.in,0
bajajfinserv.in,0
cleartax.in,0
bankbazaar.com,0
policybazaar.com,0
motilaloswal.com,0
angelone.in,0
kite.zerodha.com,0
epfindia.gov.in,0
mca.gov.in,0
digilocker.gov.in,0
irctc.com,0
gov.in,0
bsnl.co.in,0
vodafone.in,0
vi.in,0
jiofiber.com,0
jio.com,0
blinkit.com,0
meesho.com,0
iitd.ac.in,0
nseindia.com,0
bseindia.com,0
gst.gov.in,0
npci.org.in,0
rbi.org.in,0
sebi.gov.in,0
pharmeasy.in,0
netmeds.com,0
1mg.com,0
practo.com,0
housing.com,0
99acres.com,0
naukri.com,0
mastercard.com,0
godaddy.com,0
mailchimp.com,0
asana.com,0
trello.com,0
grammarly.com,0
archive.org,0
coursera.org,0
theverge.com,0
wired.com,0
techcrunch.com,0
nytimes.com,0
cnn.com,0
airbnb.com,0
americanexpress.com,0
